QUERY_HASH,JOIN_MODE,LEFT_TABLE_NAME,LEFT_COLUMN_NAME,LEFT_TABLE_ROW_COUNT,RIGHT_TABLE_NAME,RIGHT_COLUMN_NAME,RIGHT_TABLE_ROW_COUNT,OUTPUT_ROWS,PREDICATE_COUNT,PRIMARY_PREDICATE,RUNTIME_NS
8a500b8350e13fe5,Semi,catalog_sales,cs_ship_date_sk,14401261,date_dim,d_date_sk,366,2864977,1,=,277892784
8a500b8350e13fe5,Inner,catalog_sales,cs_ship_date_sk,2864977,date_dim,d_date_sk,366,2864977,1,=,179336260
8a500b8350e13fe5,Inner,catalog_sales,cs_ship_mode_sk,2864977,ship_mode,sm_ship_mode_sk,20,2857711,1,=,181925372
8a500b8350e13fe5,Inner,catalog_sales,cs_call_center_sk,2857711,call_center,cc_call_center_sk,24,2854204,1,=,206062591
8a500b8350e13fe5,Inner,catalog_sales,cs_warehouse_sk,2854204,warehouse,w_warehouse_sk,10,2852388,1,=,238310646
e045c72cfee071ed,Semi,store_sales,ss_sold_date_sk,28800991,date_dim,d_date_sk,366,5519143,1,=,439837736
e045c72cfee071ed,Inner,store_sales,ss_sold_date_sk,5519143,date_dim,d_date_sk,366,5519143,1,=,355707569
e045c72cfee071ed,Semi,catalog_sales,cs_sold_date_sk,14401261,date_dim,d_date_sk,366,2867400,1,=,307498157
e045c72cfee071ed,Inner,catalog_sales,cs_sold_date_sk,2867400,date_dim,d_date_sk,366,2867400,1,=,155916566
e045c72cfee071ed,FullOuter,store_sales,ss_customer_sk,5436215,catalog_sales,cs_bill_customer_sk,2866870,8302478,2,=,2249143815
65cf99f6be86c7f4,Left,store_returns,sr_ticket_number,28800991,store_sales,ss_ticket_number,2875432,28800991,2,=,8561436604
65cf99f6be86c7f4,Semi,store_returns,sr_reason_sk,28800991,reason,r_reason_sk,1,61472,1,=,584408281
65cf99f6be86c7f4,Inner,store_returns,sr_reason_sk,61472,reason,r_reason_sk,1,61472,1,=,6289818
c86892b6d2937a1c,Semi,catalog_returns,cr_returned_date_sk,1439749,date_dim,d_date_sk,30,19528,1,=,27828636
c86892b6d2937a1c,Semi,customer_address,ca_address_sk,500000,customer,c_current_addr_sk,27348,55052,1,=,16816897
c86892b6d2937a1c,Semi,household_demographics,hd_demo_sk,55052,customer,c_current_hdemo_sk,1200,8767,1,=,2440271
c86892b6d2937a1c,Inner,customer_address,ca_address_sk,8767,customer,c_current_addr_sk,27348,8767,1,=,2559986
c86892b6d2937a1c,Inner,household_demographics,hd_demo_sk,8767,customer,c_current_hdemo_sk,1200,8767,1,=,627284
c86892b6d2937a1c,Semi,customer_demographics,cd_demo_sk,109760,customer,c_current_cdemo_sk,8767,509,1,=,10505986
c86892b6d2937a1c,Inner,customer_demographics,cd_demo_sk,509,customer,c_current_cdemo_sk,8767,510,1,=,680856
c86892b6d2937a1c,Semi,catalog_returns,cr_returning_customer_sk,19528,customer,c_customer_sk,510,20,1,=,1754385
c86892b6d2937a1c,Inner,catalog_returns,cr_returning_customer_sk,20,customer,c_customer_sk,510,20,1,=,91428
c86892b6d2937a1c,Inner,catalog_returns,cr_returned_date_sk,20,date_dim,d_date_sk,30,20,1,=,62023
c86892b6d2937a1c,Inner,catalog_returns,cr_call_center_sk,20,call_center,cc_call_center_sk,24,19,1,=,58042
aecea1dd577191a6,Semi,web_sales,ws_sold_date_sk,7197566,date_dim,d_date_sk,366,1446590,1,=,112830198
aecea1dd577191a6,Inner,web_sales,ws_sold_date_sk,1446590,date_dim,d_date_sk,366,1446590,1,=,76976217
aecea1dd577191a6,Semi,web_sales,ws_order_number,719217,web_returns,wr_order_number,1446590,144593,1,=,143182292
aecea1dd577191a6,Inner,web_sales,ws_web_page_sk,1446590,web_page,wp_web_page_sk,200,1446412,1,=,95429181
aecea1dd577191a6,Inner,web_sales,ws_order_number,144593,web_returns,wr_order_number,1446412,1813322,1,=,212444047
aecea1dd577191a6,Inner,reason,r_reason_sk,144549,web_returns,wr_reason_sk,45,138022,1,=,8447563
aecea1dd577191a6,Semi,customer_demographics,cd_demo_sk,1920800,web_returns,wr_returning_cdemo_sk,138022,129842,1,=,98223779
aecea1dd577191a6,Inner,customer_demographics,cd_demo_sk,129842,web_returns,wr_returning_cdemo_sk,138022,134832,1,=,51750313
aecea1dd577191a6,Semi,customer_address,ca_address_sk,250000,web_returns,wr_refunded_addr_sk,134832,102926,1,=,35496791
aecea1dd577191a6,Inner,customer_address,ca_address_sk,99766,web_returns,wr_refunded_addr_sk,134832,129166,1,=,24887432
aecea1dd577191a6,Semi,customer_demographics,cd_demo_sk,164640,web_returns,wr_refunded_cdemo_sk,1288,114,1,=,11705797
aecea1dd577191a6,Inner,customer_demographics,cd_demo_sk,1288,web_returns,wr_refunded_cdemo_sk,114,114,1,=,258220
1c41ac70227eb819,Semi,catalog_returns,cr_returned_date_sk,1439749,date_dim,d_date_sk,366,287515,1,=,29933857
1c41ac70227eb819,Inner,catalog_returns,cr_returned_date_sk,287515,date_dim,d_date_sk,366,287515,1,=,13225640
1c41ac70227eb819,Semi,catalog_returns,cr_returning_addr_sk,250000,customer_address,ca_address_sk,287515,168741,1,=,49729536
1c41ac70227eb819,Inner,catalog_returns,cr_returning_addr_sk,168741,customer_address,ca_address_sk,287515,281782,1,=,45166583
1c41ac70227eb819,Semi,customer_address,ca_state,275520,customer_address,ca_state,52,67521,2,=,49322195
1c41ac70227eb819,Semi,catalog_returns,cr_returning_customer_sk,500000,customer,c_customer_sk,275520,212868,1,=,60099741
1c41ac70227eb819,Semi,customer_address,ca_address_sk,212868,customer,c_current_addr_sk,12087,10414,1,=,12806355
1c41ac70227eb819,Inner,customer_address,ca_address_sk,10414,customer,c_current_addr_sk,12087,10414,1,=,2795226
1c41ac70227eb819,Inner,catalog_returns,cr_returning_customer_sk,67521,customer,c_customer_sk,10414,3369,1,=,4213863
741bc3f2dfb09756,Semi,store_sales,ss_sold_date_sk,28800991,date_dim,d_date_sk,157,2355816,1,=,428462450
741bc3f2dfb09756,Semi,store_sales,ss_hdemo_sk,2355816,household_demographics,hd_demo_sk,2880,918403,1,=,103220613
741bc3f2dfb09756,Inner,store_sales,ss_sold_date_sk,918403,date_dim,d_date_sk,157,918403,1,=,61815641
741bc3f2dfb09756,Inner,store_sales,ss_hdemo_sk,918403,household_demographics,hd_demo_sk,2880,918403,1,=,157990985
741bc3f2dfb09756,Inner,store_sales,ss_store_sk,918403,store,s_store_sk,94,835847,1,=,62987793
741bc3f2dfb09756,Semi,store_sales,ss_customer_sk,500000,customer,c_customer_sk,83026,70184,1,=,24930527
741bc3f2dfb09756,Inner,store_sales,ss_customer_sk,83026,customer,c_customer_sk,70184,78011,1,=,10091032
901db9dd2feb2d10,Semi,store_sales,ss_sold_date_sk,28800991,date_dim,d_date_sk,365,5443210,1,=,563629803
901db9dd2feb2d10,Inner,store_sales,ss_sold_date_sk,5443210,date_dim,d_date_sk,365,5443210,1,=,333677107
901db9dd2feb2d10,Inner,store,s_store_sk,2311243,store_sales,ss_store_sk,102,2264281,1,=,72526136
901db9dd2feb2d10,Inner,item,i_item_sk,2264281,store_sales,ss_item_sk,102000,2264281,1,=,251216183
901db9dd2feb2d10,Inner,store_sales,ss_store_sk,52,store_sales,ss_store_sk,2264281,2264281,1,=,148393133
24cc61038fcacf93,Semi,date_dim,d_date_sk,28800991,store_sales,ss_sold_date_sk,30,879791,1,=,444618607
24cc61038fcacf93,Semi,store_sales,ss_item_sk,879791,item,i_item_sk,1800,15809,1,=,111478683
24cc61038fcacf93,Inner,store_sales,ss_item_sk,15809,item,i_item_sk,1800,15809,1,=,4556037
24cc61038fcacf93,Inner,date_dim,d_date_sk,15809,store_sales,ss_sold_date_sk,30,15809,1,=,2724263
9ba0ff608aba8792,Semi,store_returns,sr_returned_date_sk,2875432,date_dim,d_date_sk,31,29250,1,=,56832987
9ba0ff608aba8792,Inner,store_returns,sr_returned_date_sk,29250,date_dim,d_date_sk,31,29250,1,=,2934918
9ba0ff608aba8792,Semi,store_sales,ss_ticket_number,28800991,store_returns,sr_ticket_number,29250,334371,1,=,763152319
9ba0ff608aba8792,Inner,store_sales,ss_ticket_number,334371,store_returns,sr_ticket_number,29250,366944,1,=,35972719
9ba0ff608aba8792,Inner,store_sales,ss_store_sk,21690,store,s_store_sk,102,21176,1,=,3888521
9ba0ff608aba8792,Semi,store_sales,ss_sold_date_sk,73049,date_dim,d_date_sk,21176,206,1,=,4758241
9ba0ff608aba8792,Inner,store_sales,ss_sold_date_sk,21176,date_dim,d_date_sk,206,20932,1,=,1787213
c49841c711905e98,Semi,store_sales,ss_sold_date_sk,28800991,date_dim,d_date_sk,366,5519143,1,=,563640489
c49841c711905e98,Inner,store_sales,ss_sold_date_sk,5519143,date_dim,d_date_sk,366,5519143,1,=,388208396
c49841c711905e98,Inner,store,s_store_sk,5519143,store_sales,ss_store_sk,102,5389310,1,=,357277840
c49841c711905e98,Inner,store_sales,ss_addr_sk,242351,customer_address,ca_address_sk,5389310,5159789,1,=,631296422
c49841c711905e98,Semi,customer_demographics,cd_demo_sk,164640,store_sales,ss_cdemo_sk,318319,10147,1,=,95958472
c49841c711905e98,Inner,customer_demographics,cd_demo_sk,10147,store_sales,ss_cdemo_sk,318319,26552,1,=,75028080
5a7fd39201e63d24,Semi,catalog_sales,cs_sold_date_sk,14401261,date_dim,d_date_sk,214,1498602,1,=,227023925
5a7fd39201e63d24,Semi,date_dim,d_date_sk,28800991,store_sales,ss_sold_date_sk,30,262336,1,=,438298335
5a7fd39201e63d24,Inner,date_dim,d_date_sk,262336,store_sales,ss_sold_date_sk,30,262336,1,=,27564270
5a7fd39201e63d24,Semi,store_returns,sr_returned_date_sk,2875432,date_dim,d_date_sk,214,259123,1,=,53839748
5a7fd39201e63d24,Inner,store_returns,sr_returned_date_sk,259123,date_dim,d_date_sk,214,259123,1,=,12988862
5a7fd39201e63d24,Inner,store_sales,ss_ticket_number,262336,store_returns,sr_ticket_number,259123,316046,1,=,82827823
5a7fd39201e63d24,Inner,store,s_store_sk,19164,store_sales,ss_store_sk,102,18941,1,=,4157707
5a7fd39201e63d24,Semi,store_returns,sr_customer_sk,1498602,catalog_sales,cs_bill_customer_sk,18941,38760,1,=,51108429
5a7fd39201e63d24,Inner,catalog_sales,cs_sold_date_sk,38760,date_dim,d_date_sk,214,38760,1,=,2112973
5a7fd39201e63d24,Semi,item,i_item_sk,102000,store_sales,ss_item_sk,18941,15860,1,=,9603090
5a7fd39201e63d24,Inner,item,i_item_sk,18941,store_sales,ss_item_sk,15860,18941,1,=,3821888
5a7fd39201e63d24,Inner,store_returns,sr_customer_sk,38760,catalog_sales,cs_bill_customer_sk,18941,56789,1,=,10158783
7ee6cff3a8c3d580,Semi,date_dim,d_date_sk,28800991,store_sales,ss_sold_date_sk,30,883317,1,=,457416860
7ee6cff3a8c3d580,Semi,store_sales,ss_item_sk,883317,item,i_item_sk,1836,16160,1,=,98490240
7ee6cff3a8c3d580,Inner,store_sales,ss_item_sk,16160,item,i_item_sk,1836,16160,1,=,4168813
7ee6cff3a8c3d580,Inner,date_dim,d_date_sk,16160,store_sales,ss_sold_date_sk,30,16160,1,=,2733622
7ee6cff3a8c3d580,Semi,store_sales,ss_customer_sk,500000,customer,c_customer_sk,16160,14107,1,=,17880928
7ee6cff3a8c3d580,Inner,store_sales,ss_customer_sk,14107,customer,c_customer_sk,16160,15759,1,=,3418320
7ee6cff3a8c3d580,Inner,store_sales,ss_store_sk,15759,store,s_store_sk,102,15563,1,=,2783701
7ee6cff3a8c3d580,Semi,customer,c_current_addr_sk,250000,customer_address,ca_address_sk,15563,13546,1,=,9991223
7ee6cff3a8c3d580,Inner,customer,c_current_addr_sk,13546,customer_address,ca_address_sk,15563,15563,1,=,2653509
105285333f5ba7f4,Semi,customer,c_current_addr_sk,500000,customer_address,ca_address_sk,23675,47706,1,=,19318143
105285333f5ba7f4,Inner,customer,c_current_addr_sk,47706,customer_address,ca_address_sk,23675,47706,1,=,6698415
105285333f5ba7f4,Semi,customer_demographics,cd_demo_sk,1920800,customer,c_current_cdemo_sk,47706,45504,1,=,64867480
105285333f5ba7f4,Semi,store_sales,ss_sold_date_sk,28800991,date_dim,d_date_sk,91,796046,1,=,495215556
105285333f5ba7f4,Inner,store_sales,ss_sold_date_sk,796046,date_dim,d_date_sk,91,796046,1,=,66081400
105285333f5ba7f4,Semi,customer,c_customer_sk,47706,store_sales,ss_customer_sk,796046,6139,1,=,74524632
105285333f5ba7f4,Semi,catalog_sales,cs_sold_date_sk,14401261,date_dim,d_date_sk,91,412838,1,=,243392762
105285333f5ba7f4,Inner,catalog_sales,cs_sold_date_sk,412838,date_dim,d_date_sk,91,412838,1,=,20548546
105285333f5ba7f4,AntiNullAsFalse,customer,c_customer_sk,6139,catalog_sales,cs_ship_customer_sk,412838,5583,1,=,28796419
105285333f5ba7f4,Semi,web_sales,ws_sold_date_sk,7197566,date_dim,d_date_sk,91,210950,1,=,119332767
105285333f5ba7f4,Inner,web_sales,ws_sold_date_sk,210950,date_dim,d_date_sk,91,210950,1,=,11761253
105285333f5ba7f4,AntiNullAsFalse,customer,c_customer_sk,5583,web_sales,ws_bill_customer_sk,210950,5399,1,=,19722689
105285333f5ba7f4,Inner,customer_demographics,cd_demo_sk,45504,customer,c_current_cdemo_sk,5399,5195,1,=,8800423
2e0ad00e44492b13,Semi,customer,c_current_addr_sk,500000,customer_address,ca_address_sk,2319,4651,1,=,14969408
2e0ad00e44492b13,Inner,customer,c_current_addr_sk,4651,customer_address,ca_address_sk,2319,4651,1,=,646981
2e0ad00e44492b13,Semi,customer_demographics,cd_demo_sk,1920800,customer,c_current_cdemo_sk,4651,4499,1,=,53856859
2e0ad00e44492b13,Inner,customer_demographics,cd_demo_sk,4499,customer,c_current_cdemo_sk,4651,4505,1,=,1975168
2e0ad00e44492b13,Semi,web_sales,ws_sold_date_sk,7197566,date_dim,d_date_sk,120,280942,1,=,149854655
2e0ad00e44492b13,Semi,customer,c_customer_sk,280942,web_sales,ws_bill_customer_sk,4505,2457,1,=,15178386
2e0ad00e44492b13,Inner,web_sales,ws_sold_date_sk,2457,date_dim,d_date_sk,120,2457,1,=,405385
2e0ad00e44492b13,Semi,customer,c_customer_sk,4505,web_sales,ws_bill_customer_sk,2457,197,1,=,611639
2e0ad00e44492b13,Semi,catalog_sales,cs_sold_date_sk,14401261,date_dim,d_date_sk,120,540591,1,=,300492769
2e0ad00e44492b13,Semi,customer,c_customer_sk,540591,catalog_sales,cs_ship_customer_sk,4505,5110,1,=,18751066
2e0ad00e44492b13,Inner,catalog_sales,cs_sold_date_sk,5110,date_dim,d_date_sk,120,5110,1,=,427805
2e0ad00e44492b13,Semi,customer,c_customer_sk,4505,catalog_sales,cs_ship_customer_sk,5110,534,1,=,809442
2e0ad00e44492b13,Semi,store_sales,ss_sold_date_sk,28800991,date_dim,d_date_sk,120,1092669,1,=,625368894
2e0ad00e44492b13,Semi,customer,c_customer_sk,1092669,store_sales,ss_customer_sk,703,1717,1,=,89747510
2e0ad00e44492b13,Inner,store_sales,ss_sold_date_sk,1717,date_dim,d_date_sk,120,1717,1,=,489479
2e0ad00e44492b13,Semi,customer,c_customer_sk,703,store_sales,ss_customer_sk,1717,131,1,=,588869
76277e5ed4da0819,Semi,catalog_sales,cs_sold_date_sk,14401261,date_dim,d_date_sk,274,1594247,1,=,267034077
76277e5ed4da0819,Semi,date_dim,d_date_sk,28800991,store_sales,ss_sold_date_sk,91,803599,1,=,539140771
76277e5ed4da0819,Inner,date_dim,d_date_sk,803599,store_sales,ss_sold_date_sk,91,803599,1,=,58826942
76277e5ed4da0819,Semi,store_returns,sr_returned_date_sk,2875432,date_dim,d_date_sk,274,404102,1,=,61847561
76277e5ed4da0819,Inner,store_returns,sr_returned_date_sk,404102,date_dim,d_date_sk,274,404102,1,=,19737637
76277e5ed4da0819,Inner,store_sales,ss_customer_sk,803599,store_returns,sr_customer_sk,404102,1361419,1,=,222919022
76277e5ed4da0819,Inner,store,s_store_sk,58677,store_sales,ss_store_sk,102,57980,1,=,9282708
76277e5ed4da0819,Semi,store_returns,sr_customer_sk,1594247,catalog_sales,cs_bill_customer_sk,57980,123194,1,=,62660914
76277e5ed4da0819,Inner,store_returns,sr_customer_sk,123194,catalog_sales,cs_bill_customer_sk,57980,186524,1,=,50216151
76277e5ed4da0819,Inner,catalog_sales,cs_sold_date_sk,0,date_dim,d_date_sk,274,0,1,=,69078
76277e5ed4da0819,Semi,item,i_item_sk,102000,store_sales,ss_item_sk,0,0,1,=,602978
76277e5ed4da0819,Inner,item,i_item_sk,0,store_sales,ss_item_sk,0,0,1,=,25004
a203e0bb1c413813,Semi,web_sales,ws_ship_date_sk,7197566,date_dim,d_date_sk,366,1445718,1,=,141554118
a203e0bb1c413813,Inner,web_sales,ws_ship_date_sk,1445718,date_dim,d_date_sk,366,1445718,1,=,77329636
a203e0bb1c413813,Inner,web_sales,ws_web_site_sk,1445718,web_site,web_site_sk,42,1445525,1,=,89644417
a203e0bb1c413813,Inner,web_sales,ws_warehouse_sk,1445525,warehouse,w_warehouse_sk,10,1445433,1,=,107437829
a203e0bb1c413813,Inner,web_sales,ws_ship_mode_sk,1445433,ship_mode,sm_ship_mode_sk,20,1445393,1,=,109305433
747848d0ca9ebfbb,Semi,catalog_sales,cs_sold_date_sk,14401261,date_dim,d_date_sk,91,412620,1,=,237603110
747848d0ca9ebfbb,Inner,catalog_sales,cs_sold_date_sk,412620,date_dim,d_date_sk,91,412620,1,=,19062647
747848d0ca9ebfbb,Semi,catalog_sales,cs_bill_customer_sk,500000,customer,c_customer_sk,412620,44146,1,=,45232378
747848d0ca9ebfbb,Inner,customer,c_current_addr_sk,44146,customer_address,ca_address_sk,250000,44146,1,=,56010553
747848d0ca9ebfbb,Inner,catalog_sales,cs_bill_customer_sk,412620,customer,c_customer_sk,44146,411575,1,=,34241384
c1558ce7f598faf2,Semi,web_sales,ws_sold_date_sk,7197566,date_dim,d_date_sk,91,211088,1,=,115294565
c1558ce7f598faf2,Inner,web_sales,ws_sold_date_sk,211088,date_dim,d_date_sk,91,211088,1,=,11172314
c1558ce7f598faf2,Semi,web_sales,ws_bill_customer_sk,500000,customer,c_customer_sk,211088,17238,1,=,31957427
c1558ce7f598faf2,Inner,customer,c_current_addr_sk,17238,customer_address,ca_address_sk,250000,17238,1,=,10092220
c1558ce7f598faf2,Inner,web_sales,ws_bill_customer_sk,211088,customer,c_customer_sk,17238,211069,1,=,18717330
c1558ce7f598faf2,Semi,web_sales,ws_item_sk,102000,item,i_item_sk,211088,50202,1,=,42145755
c1558ce7f598faf2,Inner,web_sales,ws_item_sk,211069,item,i_item_sk,50202,211069,1,=,31655275
c1558ce7f598faf2,Semi,item,i_item_id,211069,item,i_item_id,10,51,1,=,90530481
a328efe777ccc703,Semi,store_sales,ss_sold_time_sk,28800991,time_dim,t_time_sk,1800,549852,1,=,413183556
a328efe777ccc703,Semi,store_sales,ss_hdemo_sk,549852,household_demographics,hd_demo_sk,720,52970,1,=,28911385
a328efe777ccc703,Semi,store_sales,ss_store_sk,52970,store,s_store_sk,14,7061,1,=,3053795
a328efe777ccc703,Inner,store_sales,ss_hdemo_sk,7061,household_demographics,hd_demo_sk,720,7061,1,=,853445
a328efe777ccc703,Inner,store_sales,ss_store_sk,7061,store,s_store_sk,14,7061,1,=,723811
a328efe777ccc703,Inner,store_sales,ss_sold_time_sk,7061,time_dim,t_time_sk,1800,7061,1,=,1235222
48102a81fee54f33,Semi,store_sales,ss_item_sk,28800991,item,i_item_sk,180,51799,1,=,932722399
48102a81fee54f33,Semi,date_dim,d_date_sk,51799,store_sales,ss_sold_date_sk,6000,7852,1,=,9562231
48102a81fee54f33,Inner,store_sales,ss_item_sk,7852,item,i_item_sk,180,7852,1,=,2587994
48102a81fee54f33,Inner,date_dim,d_date_sk,7852,store_sales,ss_sold_date_sk,6000,7852,1,=,1487295
10dbdaceb474245a,Semi,catalog_sales,cs_sold_date_sk,14401261,date_dim,d_date_sk,366,2867400,1,=,234633338
10dbdaceb474245a,Inner,catalog_sales,cs_sold_date_sk,2867400,date_dim,d_date_sk,366,2867400,1,=,155317360
10dbdaceb474245a,Inner,catalog_sales,cs_bill_cdemo_sk,27440,customer_demographics,cd_demo_sk,2867400,39985,1,=,102163288
10dbdaceb474245a,Inner,catalog_sales,cs_promo_sk,39985,promotion,p_promo_sk,498,39769,1,=,3096052
10dbdaceb474245a,Inner,catalog_sales,cs_item_sk,102000,item,i_item_sk,39769,39769,1,=,14828669
dfd5d73db008470,Semi,date_dim,d_date_sk,28800991,store_sales,ss_sold_date_sk,30,881977,1,=,428178527
dfd5d73db008470,Semi,store_sales,ss_item_sk,881977,item,i_item_sk,1847,16100,1,=,106197647
dfd5d73db008470,Inner,store_sales,ss_item_sk,16100,item,i_item_sk,1847,16100,1,=,4415298
dfd5d73db008470,Inner,date_dim,d_date_sk,16100,store_sales,ss_sold_date_sk,30,16100,1,=,33350640
e9628864b4c79dc2,Semi,store_sales,ss_sold_date_sk,28800991,date_dim,d_date_sk,365,5470761,1,=,593469857
e9628864b4c79dc2,Inner,store_sales,ss_sold_date_sk,5470761,date_dim,d_date_sk,365,5470761,1,=,415072743
e9628864b4c79dc2,Inner,store_sales,ss_addr_sk,242351,customer_address,ca_address_sk,5470761,5180025,1,=,561126671
e9628864b4c79dc2,Semi,customer_demographics,cd_demo_sk,164640,store_sales,ss_cdemo_sk,65867,4167,1,=,32349541
e9628864b4c79dc2,Inner,customer_demographics,cd_demo_sk,4167,store_sales,ss_cdemo_sk,65867,5613,1,=,10412882
e9628864b4c79dc2,Semi,store,s_store_sk,102,store_sales,ss_store_sk,782,51,1,=,711239
e9628864b4c79dc2,Inner,store,s_store_sk,782,store_sales,ss_store_sk,51,779,1,=,426757
e9628864b4c79dc2,Semi,store_sales,ss_hdemo_sk,7200,household_demographics,hd_demo_sk,779,677,1,=,878799
e9628864b4c79dc2,Inner,store_sales,ss_hdemo_sk,677,household_demographics,hd_demo_sk,779,779,1,=,458119
62abd1717043ab45,Semi,store_returns,sr_returned_date_sk,2875432,date_dim,d_date_sk,366,557993,1,=,89949573
62abd1717043ab45,Inner,store_returns,sr_returned_date_sk,557993,date_dim,d_date_sk,366,557993,1,=,34068724
62abd1717043ab45,Inner,store,s_store_sk,539554,store_returns,sr_store_sk,32,188513,1,=,16340270
62abd1717043ab45,Semi,store_returns,sr_store_sk,188513,store_returns,sr_store_sk,52,48438,2,=,15862385
62abd1717043ab45,Semi,store_returns,sr_customer_sk,500000,customer,c_customer_sk,188513,147716,1,=,46689709
62abd1717043ab45,Inner,store_returns,sr_customer_sk,48438,customer,c_customer_sk,147716,48420,1,=,16468088
a5ed8e369e84a26a,Semi,store_sales,ss_sold_date_sk,28800991,date_dim,d_date_sk,366,5519143,1,=,521109535
a5ed8e369e84a26a,Semi,store_sales,ss_cdemo_sk,5519143,customer_demographics,cd_demo_sk,27440,76828,1,=,226591929
a5ed8e369e84a26a,Inner,store_sales,ss_sold_date_sk,76828,date_dim,d_date_sk,366,76828,1,=,59237636
a5ed8e369e84a26a,Inner,store_sales,ss_cdemo_sk,27440,customer_demographics,cd_demo_sk,76828,76828,1,=,10545309
a5ed8e369e84a26a,Inner,store_sales,ss_promo_sk,76828,promotion,p_promo_sk,498,75601,1,=,6868769
a5ed8e369e84a26a,Inner,store_sales,ss_item_sk,102000,item,i_item_sk,75601,75601,1,=,29883778
b5449accdea88518,Semi,store_sales,ss_sold_time_sk,28800991,time_dim,t_time_sk,1800,956288,1,=,538255406
b5449accdea88518,Semi,store_sales,ss_hdemo_sk,956288,household_demographics,hd_demo_sk,1920,250069,1,=,51373145
b5449accdea88518,Semi,store_sales,ss_store_sk,250069,store,s_store_sk,14,33429,1,=,12858111
b5449accdea88518,Inner,store_sales,ss_store_sk,33429,store,s_store_sk,14,33429,1,=,2244493
b5449accdea88518,Inner,store_sales,ss_hdemo_sk,33429,household_demographics,hd_demo_sk,1920,33429,1,=,3364678
b5449accdea88518,Inner,store_sales,ss_sold_time_sk,33429,time_dim,t_time_sk,1800,33429,1,=,3916250
b5449accdea88518,Semi,store_sales,ss_sold_time_sk,28800991,time_dim,t_time_sk,1800,1100338,1,=,426351152
b5449accdea88518,Semi,store_sales,ss_hdemo_sk,1100338,household_demographics,hd_demo_sk,1920,286231,1,=,54689980
b5449accdea88518,Semi,store_sales,ss_store_sk,286231,store,s_store_sk,14,38764,1,=,13820865
b5449accdea88518,Inner,store_sales,ss_store_sk,38764,store,s_store_sk,14,38764,1,=,2218021
b5449accdea88518,Inner,store_sales,ss_hdemo_sk,38764,household_demographics,hd_demo_sk,1920,38764,1,=,3806872
b5449accdea88518,Inner,store_sales,ss_sold_time_sk,38764,time_dim,t_time_sk,1800,38764,1,=,3690928
b5449accdea88518,Semi,store_sales,ss_sold_time_sk,28800991,time_dim,t_time_sk,1800,958094,1,=,413670240
b5449accdea88518,Semi,store_sales,ss_hdemo_sk,958094,household_demographics,hd_demo_sk,1920,249861,1,=,49600950
b5449accdea88518,Semi,store_sales,ss_store_sk,249861,store,s_store_sk,14,34838,1,=,11963178
b5449accdea88518,Inner,store_sales,ss_store_sk,34838,store,s_store_sk,14,34838,1,=,1862925
b5449accdea88518,Inner,store_sales,ss_hdemo_sk,34838,household_demographics,hd_demo_sk,1920,34838,1,=,3422022
b5449accdea88518,Inner,store_sales,ss_sold_time_sk,34838,time_dim,t_time_sk,1800,34838,1,=,3347776
b5449accdea88518,Semi,store_sales,ss_sold_time_sk,28800991,time_dim,t_time_sk,1800,1105793,1,=,416195862
b5449accdea88518,Semi,store_sales,ss_hdemo_sk,1105793,household_demographics,hd_demo_sk,1920,286981,1,=,56412795
b5449accdea88518,Semi,store_sales,ss_store_sk,286981,store,s_store_sk,14,39239,1,=,12378480
b5449accdea88518,Inner,store_sales,ss_store_sk,39239,store,s_store_sk,14,39239,1,=,2212573
b5449accdea88518,Inner,store_sales,ss_hdemo_sk,39239,household_demographics,hd_demo_sk,1920,39239,1,=,4037223
b5449accdea88518,Inner,store_sales,ss_sold_time_sk,39239,time_dim,t_time_sk,1800,39239,1,=,3739681
b5449accdea88518,Semi,store_sales,ss_sold_time_sk,28800991,time_dim,t_time_sk,1800,551977,1,=,409945297
b5449accdea88518,Semi,store_sales,ss_hdemo_sk,551977,household_demographics,hd_demo_sk,1920,144801,1,=,33771461
b5449accdea88518,Semi,store_sales,ss_store_sk,144801,store,s_store_sk,14,19602,1,=,6922131
b5449accdea88518,Inner,store_sales,ss_store_sk,19602,store,s_store_sk,14,19602,1,=,1226351
b5449accdea88518,Inner,store_sales,ss_hdemo_sk,19602,household_demographics,hd_demo_sk,1920,19602,1,=,1931374
b5449accdea88518,Inner,store_sales,ss_sold_time_sk,19602,time_dim,t_time_sk,1800,19602,1,=,2252874
b5449accdea88518,Semi,store_sales,ss_sold_time_sk,28800991,time_dim,t_time_sk,1800,1657729,1,=,419385018
b5449accdea88518,Semi,store_sales,ss_hdemo_sk,1657729,household_demographics,hd_demo_sk,1920,430168,1,=,76796434
b5449accdea88518,Semi,store_sales,ss_store_sk,430168,store,s_store_sk,14,58059,1,=,17125266
b5449accdea88518,Inner,store_sales,ss_store_sk,58059,store,s_store_sk,14,58059,1,=,2928912
b5449accdea88518,Inner,store_sales,ss_hdemo_sk,58059,household_demographics,hd_demo_sk,1920,58059,1,=,5193310
b5449accdea88518,Inner,store_sales,ss_sold_time_sk,58059,time_dim,t_time_sk,1800,58059,1,=,5002701
b5449accdea88518,Semi,store_sales,ss_sold_time_sk,28800991,time_dim,t_time_sk,1800,1645352,1,=,423089776
b5449accdea88518,Semi,store_sales,ss_hdemo_sk,1645352,household_demographics,hd_demo_sk,1920,429914,1,=,86609481
b5449accdea88518,Semi,store_sales,ss_store_sk,429914,store,s_store_sk,14,58153,1,=,42783516
b5449accdea88518,Inner,store_sales,ss_store_sk,58153,store,s_store_sk,14,58153,1,=,3676679
b5449accdea88518,Inner,store_sales,ss_hdemo_sk,58153,household_demographics,hd_demo_sk,1920,58153,1,=,5216289
b5449accdea88518,Inner,store_sales,ss_sold_time_sk,58153,time_dim,t_time_sk,1800,58153,1,=,5124931
b5449accdea88518,Semi,store_sales,ss_sold_time_sk,28800991,time_dim,t_time_sk,1800,1100580,1,=,442926873
b5449accdea88518,Semi,store_sales,ss_hdemo_sk,1100580,household_demographics,hd_demo_sk,1920,285246,1,=,56905486
b5449accdea88518,Semi,store_sales,ss_store_sk,285246,store,s_store_sk,14,38906,1,=,12272734
b5449accdea88518,Inner,store_sales,ss_store_sk,38906,store,s_store_sk,14,38906,1,=,2051300
b5449accdea88518,Inner,store_sales,ss_hdemo_sk,38906,household_demographics,hd_demo_sk,1920,38906,1,=,3692395
b5449accdea88518,Inner,store_sales,ss_sold_time_sk,38906,time_dim,t_time_sk,1800,38906,1,=,3620733
d226deafa3236031,Semi,date_dim,d_date_sk,28800991,store_sales,ss_sold_date_sk,30,590830,1,=,549685730
d226deafa3236031,Inner,date_dim,d_date_sk,590830,store_sales,ss_sold_date_sk,30,590830,1,=,35269093
d226deafa3236031,Semi,store_returns,sr_returned_date_sk,2875432,date_dim,d_date_sk,122,182689,1,=,55376773
d226deafa3236031,Inner,store_returns,sr_returned_date_sk,182689,date_dim,d_date_sk,122,182689,1,=,39090703
d226deafa3236031,Semi,store_returns,sr_customer_sk,14401261,catalog_sales,cs_bill_customer_sk,182689,3776379,1,=,572638506
d226deafa3236031,Semi,catalog_sales,cs_sold_date_sk,3776379,date_dim,d_date_sk,1096,2251829,1,=,166827518
d226deafa3236031,Inner,catalog_sales,cs_sold_date_sk,2251829,date_dim,d_date_sk,1096,2251829,1,=,149097457
d226deafa3236031,Inner,store_returns,sr_customer_sk,182689,catalog_sales,cs_bill_customer_sk,2251829,3068613,1,=,344894751
d226deafa3236031,Inner,store_sales,ss_ticket_number,590830,store_returns,sr_ticket_number,35,81,1,=,29782571
d226deafa3236031,Inner,store,s_store_sk,3,store_sales,ss_store_sk,102,3,1,=,94152
d226deafa3236031,Semi,item,i_item_sk,102000,store_sales,ss_item_sk,3,3,1,=,1453490
d226deafa3236031,Inner,item,i_item_sk,3,store_sales,ss_item_sk,3,3,1,=,56995
b3cb9453eb547241,Semi,store_sales,ss_sold_date_sk,28800991,date_dim,d_date_sk,92,1465918,1,=,578758180
b3cb9453eb547241,Inner,store_sales,ss_addr_sk,1465918,customer_address,ca_address_sk,250000,1431454,1,=,174866203
b3cb9453eb547241,Inner,store_sales,ss_sold_date_sk,1431454,date_dim,d_date_sk,92,1431454,1,=,108742616
b3cb9453eb547241,Semi,store_sales,ss_sold_date_sk,28800991,date_dim,d_date_sk,91,790723,1,=,425478151
b3cb9453eb547241,Inner,store_sales,ss_addr_sk,790723,customer_address,ca_address_sk,250000,772166,1,=,160528480
b3cb9453eb547241,Inner,store_sales,ss_sold_date_sk,772166,date_dim,d_date_sk,91,772166,1,=,61634462
b3cb9453eb547241,Inner,customer_address,ca_county,1847,customer_address,ca_county,1847,1846,1,=,1580888
b3cb9453eb547241,Semi,store_sales,ss_sold_date_sk,28800991,date_dim,d_date_sk,91,839034,1,=,563089477
b3cb9453eb547241,Inner,store_sales,ss_addr_sk,839034,customer_address,ca_address_sk,250000,819477,1,=,113237958
b3cb9453eb547241,Inner,store_sales,ss_sold_date_sk,819477,date_dim,d_date_sk,91,819477,1,=,66317549
b3cb9453eb547241,Inner,customer_address,ca_county,1846,customer_address,ca_county,1847,1846,1,=,1380990
b3cb9453eb547241,Semi,web_sales,ws_sold_date_sk,7197566,date_dim,d_date_sk,91,208405,1,=,101527133
b3cb9453eb547241,Inner,web_sales,ws_sold_date_sk,208405,date_dim,d_date_sk,91,208405,1,=,13292552
b3cb9453eb547241,Semi,web_sales,ws_bill_addr_sk,250000,customer_address,ca_address_sk,208405,16757,1,=,24275863
b3cb9453eb547241,Inner,web_sales,ws_bill_addr_sk,208405,customer_address,ca_address_sk,16757,208386,1,=,13031957
b3cb9453eb547241,Semi,web_sales,ws_sold_date_sk,7197566,date_dim,d_date_sk,91,218552,1,=,102000058
b3cb9453eb547241,Inner,web_sales,ws_sold_date_sk,218552,date_dim,d_date_sk,91,218552,1,=,12956244
b3cb9453eb547241,Semi,web_sales,ws_bill_addr_sk,250000,customer_address,ca_address_sk,218552,17668,1,=,24310297
b3cb9453eb547241,Inner,web_sales,ws_bill_addr_sk,218552,customer_address,ca_address_sk,17668,218530,1,=,14221500
b3cb9453eb547241,Inner,customer_address,ca_county,1845,customer_address,ca_county,1843,1840,1,=,1212312
b3cb9453eb547241,Semi,web_sales,ws_sold_date_sk,7197566,date_dim,d_date_sk,92,384845,1,=,110330629
b3cb9453eb547241,Inner,web_sales,ws_sold_date_sk,384845,date_dim,d_date_sk,92,384845,1,=,23829200
b3cb9453eb547241,Semi,web_sales,ws_bill_addr_sk,250000,customer_address,ca_address_sk,384845,30140,1,=,40011618
b3cb9453eb547241,Inner,web_sales,ws_bill_addr_sk,384845,customer_address,ca_address_sk,30140,384798,1,=,30456722
b3cb9453eb547241,Inner,customer_address,ca_county,1840,customer_address,ca_county,1847,1840,1,=,1632086
b3cb9453eb547241,Inner,customer_address,ca_county,1846,customer_address,ca_county,1840,1840,1,=,1120186
1f3f852eeffeb3fb,Semi,store_sales,ss_sold_date_sk,28800991,date_dim,d_date_sk,252,3793832,1,=,537483821
1f3f852eeffeb3fb,Semi,store_sales,ss_hdemo_sk,3793832,household_demographics,hd_demo_sk,800,413294,1,=,173038549
1f3f852eeffeb3fb,Inner,store_sales,ss_sold_date_sk,413294,date_dim,d_date_sk,252,413294,1,=,27926630
1f3f852eeffeb3fb,Inner,store_sales,ss_store_sk,413294,store,s_store_sk,31,136345,1,=,20754311
1f3f852eeffeb3fb,Inner,store_sales,ss_hdemo_sk,136345,household_demographics,hd_demo_sk,800,136345,1,=,11516444
1f3f852eeffeb3fb,Semi,store_sales,ss_customer_sk,500000,customer,c_customer_sk,1200,1200,1,=,9788950
1f3f852eeffeb3fb,Inner,store_sales,ss_customer_sk,1200,customer,c_customer_sk,1200,1200,1,=,230561
f2542843ada8b55c,Semi,customer_demographics,cd_demo_sk,1920800,customer,c_current_cdemo_sk,500000,426807,1,=,137943162
f2542843ada8b55c,Inner,customer_demographics,cd_demo_sk,426807,customer,c_current_cdemo_sk,500000,482697,1,=,117798325
f2542843ada8b55c,Inner,customer,c_current_addr_sk,482697,customer_address,ca_address_sk,250000,482697,1,=,87065713
f2542843ada8b55c,Semi,web_sales,ws_sold_date_sk,7197566,date_dim,d_date_sk,274,804611,1,=,103303101
f2542843ada8b55c,Inner,web_sales,ws_sold_date_sk,804611,date_dim,d_date_sk,274,804611,1,=,49683297
f2542843ada8b55c,Semi,customer,c_customer_sk,482697,web_sales,ws_bill_customer_sk,804611,60584,1,=,90328976
f2542843ada8b55c,Semi,catalog_sales,cs_sold_date_sk,14401261,date_dim,d_date_sk,274,1592130,1,=,222884098
f2542843ada8b55c,Inner,catalog_sales,cs_sold_date_sk,1592130,date_dim,d_date_sk,274,1592130,1,=,83542205
f2542843ada8b55c,Semi,customer,c_customer_sk,482697,catalog_sales,cs_ship_customer_sk,1592130,144386,1,=,154438351
f2542843ada8b55c,Semi,store_sales,ss_sold_date_sk,28800991,date_dim,d_date_sk,274,3099118,1,=,529981899
f2542843ada8b55c,Inner,store_sales,ss_sold_date_sk,3099118,date_dim,d_date_sk,274,3099118,1,=,232318022
f2542843ada8b55c,Semi,customer,c_customer_sk,186691,store_sales,ss_customer_sk,3099118,78327,1,=,303790466
ec84b20b69353252,Semi,date_dim,d_week_seq,73049,date_dim,d_week_seq,3,21,1,=,1062633
ec84b20b69353252,Semi,date_dim,d_date,73049,date_dim,d_date,21,21,1,=,10580302
ec84b20b69353252,Inner,store_returns,sr_returned_date_sk,2875432,date_dim,d_date_sk,21,26133,1,=,68652631
ec84b20b69353252,Inner,store_returns,sr_item_sk,26133,item,i_item_sk,102000,26133,1,=,11127963
ec84b20b69353252,Inner,catalog_returns,cr_returned_date_sk,1439749,date_dim,d_date_sk,21,13376,1,=,31373587
ec84b20b69353252,Inner,catalog_returns,cr_item_sk,13376,item,i_item_sk,102000,13376,1,=,6242742
ec84b20b69353252,Inner,item,i_item_id,20443,item,i_item_id,11830,4747,1,=,9319377
ec84b20b69353252,Inner,web_returns,wr_returned_date_sk,719217,date_dim,d_date_sk,21,7150,1,=,14852556
ec84b20b69353252,Inner,web_returns,wr_item_sk,7150,item,i_item_sk,102000,7150,1,=,4816283
ec84b20b69353252,Inner,item,i_item_id,4747,item,i_item_id,6683,609,1,=,3719006
43e0ae6c5f21fc66,Semi,date_dim,d_month_seq,73049,date_dim,d_month_seq,1,31,1,=,1417519
43e0ae6c5f21fc66,Semi,store_sales,ss_sold_date_sk,28800991,date_dim,d_date_sk,31,288747,1,=,466593612
43e0ae6c5f21fc66,Inner,customer_address,ca_address_sk,500000,customer,c_current_addr_sk,250000,500000,1,=,83250809
43e0ae6c5f21fc66,Inner,customer,c_customer_sk,288747,store_sales,ss_customer_sk,500000,282069,1,=,85952022
43e0ae6c5f21fc66,Inner,store_sales,ss_sold_date_sk,282069,date_dim,d_date_sk,31,282069,1,=,26872798
43e0ae6c5f21fc66,Semi,item,i_category,102000,item,i_category,11,10174,2,=,23524672
43e0ae6c5f21fc66,Inner,store_sales,ss_item_sk,282069,item,i_item_sk,10174,27317,1,=,45880686
c472acfef2176cba,Semi,inventory,inv_date_sk,133110000,date_dim,d_date_sk,31,2040000,1,=,2391537688
c472acfef2176cba,Inner,inventory,inv_date_sk,2040000,date_dim,d_date_sk,31,2040000,1,=,105371372
c472acfef2176cba,Inner,inventory,inv_item_sk,2040000,item,i_item_sk,102000,2040000,1,=,172649439
c472acfef2176cba,Inner,inventory,inv_warehouse_sk,2040000,warehouse,w_warehouse_sk,10,2040000,1,=,139696640
c472acfef2176cba,Semi,inventory,inv_date_sk,133110000,date_dim,d_date_sk,28,2040000,1,=,2398588475
c472acfef2176cba,Inner,inventory,inv_date_sk,2040000,date_dim,d_date_sk,28,2040000,1,=,106535351
c472acfef2176cba,Inner,inventory,inv_item_sk,2040000,item,i_item_sk,102000,2040000,1,=,179625770
c472acfef2176cba,Inner,inventory,inv_warehouse_sk,2040000,warehouse,w_warehouse_sk,10,2040000,1,=,143657801
c472acfef2176cba,Inner,item,i_item_sk,35854,item,i_item_sk,35463,24650,1,=,6613763
2b7e6ed9df8e2f99,Semi,store_sales,ss_sold_date_sk,28800991,date_dim,d_date_sk,72,1086621,1,=,430863257
2b7e6ed9df8e2f99,Semi,store_sales,ss_hdemo_sk,1086621,household_demographics,hd_demo_sk,800,118710,1,=,51961037
2b7e6ed9df8e2f99,Inner,store_sales,ss_sold_date_sk,118710,date_dim,d_date_sk,72,118710,1,=,9530730
2b7e6ed9df8e2f99,Inner,store_sales,ss_store_sk,118710,store,s_store_sk,31,38850,1,=,6314544
2b7e6ed9df8e2f99,Inner,store_sales,ss_hdemo_sk,38850,household_demographics,hd_demo_sk,800,38850,1,=,3900326
2b7e6ed9df8e2f99,Semi,store_sales,ss_customer_sk,500000,customer,c_customer_sk,248,14,1,=,11047779
2b7e6ed9df8e2f99,Inner,store_sales,ss_customer_sk,248,customer,c_customer_sk,14,14,1,=,50219
ac2f9c4228030d9d,Semi,date_dim,d_date_sk,28800991,store_sales,ss_sold_date_sk,366,5519143,1,=,460413521
ac2f9c4228030d9d,Inner,date_dim,d_date_sk,5519143,store_sales,ss_sold_date_sk,366,5519143,1,=,399976216
ac2f9c4228030d9d,Inner,store,s_store_sk,5519143,store_sales,ss_store_sk,30,1802785,1,=,288661110
ea189fd9834a0c7c,Semi,inventory,inv_date_sk,133110000,date_dim,d_date_sk,31,2040000,1,=,2267702176
ea189fd9834a0c7c,Inner,inventory,inv_date_sk,2040000,date_dim,d_date_sk,31,2040000,1,=,106230056
ea189fd9834a0c7c,Inner,inventory,inv_item_sk,2040000,item,i_item_sk,102000,2040000,1,=,170902178
ea189fd9834a0c7c,Inner,inventory,inv_warehouse_sk,2040000,warehouse,w_warehouse_sk,10,2040000,1,=,136101750
ea189fd9834a0c7c,Semi,inventory,inv_date_sk,133110000,date_dim,d_date_sk,28,2040000,1,=,2616372926
ea189fd9834a0c7c,Inner,inventory,inv_date_sk,2040000,date_dim,d_date_sk,28,2040000,1,=,144821501
ea189fd9834a0c7c,Inner,inventory,inv_item_sk,2040000,item,i_item_sk,102000,2040000,1,=,193011357
ea189fd9834a0c7c,Inner,inventory,inv_warehouse_sk,2040000,warehouse,w_warehouse_sk,10,2040000,1,=,152825893
ea189fd9834a0c7c,Inner,item,i_item_sk,1442,item,i_item_sk,35463,1049,1,=,983986
2f68c8df87906c39,Semi,date_dim,d_date_sk,28800991,store_sales,ss_sold_date_sk,30,881977,1,=,559694485
2f68c8df87906c39,Semi,store_sales,ss_item_sk,881977,item,i_item_sk,1847,16100,1,=,94663532
2f68c8df87906c39,Inner,store_sales,ss_item_sk,16100,item,i_item_sk,1847,16100,1,=,4071447
2f68c8df87906c39,Inner,date_dim,d_date_sk,16100,store_sales,ss_sold_date_sk,30,16100,1,=,2853827
