QUERY_HASH|COLUMN_TYPE|TABLE_NAME|COLUMN_NAME|INPUT_ROWS|OUTPUT_ROWS|RUNTIME_NS|DESCRIPTION|SINGLE_INPUT_ROWS|SINGLE_OUTPUT_ROWS|SINGLE_RUNTIME_NS|OPERATOR_POINTER
"8a500b8350e13fe5"|"DATA"|"date_dim"|"d_month_seq"|73049|366|151705|"TableScan Impl: ColumnBetween d_month_seq BETWEEN INCLUSIVE 1200 AND 1211"|73049|366|249489|"0x7f865a0699d0"
"e045c72cfee071ed"|"DATA"|"date_dim"|"d_month_seq"|73049|366|144441|"TableScan Impl: ColumnBetween d_month_seq BETWEEN INCLUSIVE 1200 AND 1211"|73049|366|118528|"0x7f865a066c50"
"65cf99f6be86c7f4"|"DATA"|"reason"|"r_reason_desc"|35|1|42536|"TableScan Impl: ColumnVsValue r_reason_desc = 'reason 28'"|35|1|23538|"0x7f865a0660f0"
"c86892b6d2937a1c"|"REFERENCE"|"date_dim"|"d_moy"|365|30|14667|"TableScan Impl: ColumnVsValue d_moy = 11"|73049|6000|173846|"0x7f865a06b4f0"
"c86892b6d2937a1c"|"DATA"|"date_dim"|"d_year"|73049|365|136618|"TableScan Impl: ColumnVsValue d_year = 1998"|73049|365|108121|"0x7f865a06b4f0"
"c86892b6d2937a1c"|"REFERENCE"|"customer_demographics"|"cd_marital_status"|274400|54880|1414167|"TableScan Impl: ColumnVsValue cd_marital_status = 'M'"|1920800|384160|3894878|"0x7f865a067970"
"c86892b6d2937a1c"|"REFERENCE"|"customer_demographics"|"cd_education_status"|1920800|274400|6334450|"TableScan Impl: ColumnVsValue cd_education_status = 'Unknown'"|1920800|274400|3626391|"0x7f865a067970"
"c86892b6d2937a1c"|"REFERENCE"|"customer_demographics"|"cd_marital_status"|274400|54880|938727|"TableScan Impl: ColumnVsValue cd_marital_status = 'W'"|1920800|384160|3224079|"0x7f865a067970"
"c86892b6d2937a1c"|"REFERENCE"|"customer_demographics"|"cd_education_status"|1920800|274400|5756476|"TableScan Impl: ColumnVsValue cd_education_status = 'Advanced Degree'"|1920800|274400|3301189|"0x7f865a067970"
"c86892b6d2937a1c"|"DATA"|"customer_address"|"ca_gmt_offset"|50000|5449|141088|"TableScan Impl: ColumnVsValue ca_gmt_offset = -7"|50000|5449|167560|"0x7f865a06b170"
"c86892b6d2937a1c"|"DATA"|"household_demographics"|"hd_buy_potential"|7200|1200|34014|"TableScan Impl: ColumnBetween hd_buy_potential BETWEEN UPPER EXCLUSIVE 'Unknown' AND 'Unknowo'"|7200|1200|35552|"0x7f865a06b410"
"aecea1dd577191a6"|"REFERENCE"|"customer_demographics"|"cd_marital_status"|274400|54880|1433794|"TableScan Impl: ColumnVsValue cd_marital_status = 'M'"|1920800|384160|3267034|"0x7f85a300aa70"
"aecea1dd577191a6"|"REFERENCE"|"customer_demographics"|"cd_education_status"|1920800|274400|7196555|"TableScan Impl: ColumnVsValue cd_education_status = 'Advanced Degree'"|1920800|274400|3410917|"0x7f85a300aa70"
"aecea1dd577191a6"|"REFERENCE"|"customer_demographics"|"cd_marital_status"|274400|54880|989015|"TableScan Impl: ColumnVsValue cd_marital_status = 'S'"|1920800|384160|3228968|"0x7f85a300aa70"
"aecea1dd577191a6"|"REFERENCE"|"customer_demographics"|"cd_education_status"|1920800|274400|5977328|"TableScan Impl: ColumnVsValue cd_education_status = 'College'"|1920800|274400|3411545|"0x7f85a300aa70"
"aecea1dd577191a6"|"REFERENCE"|"customer_demographics"|"cd_marital_status"|274400|54880|1000331|"TableScan Impl: ColumnVsValue cd_marital_status = 'W'"|1920800|384160|3111558|"0x7f85a300aa70"
"aecea1dd577191a6"|"REFERENCE"|"customer_demographics"|"cd_education_status"|1920800|274400|5710867|"TableScan Impl: ColumnVsValue cd_education_status = '2 yr Degree'"|1920800|274400|3393595|"0x7f85a300aa70"
"aecea1dd577191a6"|"REFERENCE"|"customer_address"|"ca_state"|48475|317|98622|"TableScan Impl: ColumnVsValue ca_state = 'NJ'"|50000|321|72360|"0x7f85a300adf0"
"aecea1dd577191a6"|"REFERENCE"|"customer_address"|"ca_country"|50000|48475|353489|"TableScan Impl: ColumnVsValue ca_country = 'United States'"|50000|48475|258150|"0x7f85a300adf0"
"aecea1dd577191a6"|"REFERENCE"|"customer_address"|"ca_state"|48475|1330|121043|"TableScan Impl: ColumnVsValue ca_state = 'OH'"|50000|1356|83256|"0x7f85a300adf0"
"aecea1dd577191a6"|"REFERENCE"|"customer_address"|"ca_state"|48475|1372|120205|"TableScan Impl: ColumnVsValue ca_state = 'IN'"|50000|1394|83326|"0x7f85a300adf0"
"aecea1dd577191a6"|"REFERENCE"|"customer_address"|"ca_state"|48475|1911|126909|"TableScan Impl: ColumnVsValue ca_state = 'KY'"|50000|1945|92895|"0x7f85a300adf0"
"aecea1dd577191a6"|"REFERENCE"|"customer_address"|"ca_state"|48475|126|91428|"TableScan Impl: ColumnVsValue ca_state = 'CT'"|50000|129|57972|"0x7f85a300adf0"
"aecea1dd577191a6"|"REFERENCE"|"customer_address"|"ca_state"|48475|1034|110915|"TableScan Impl: ColumnVsValue ca_state = 'WI'"|50000|1047|77320|"0x7f85a300adf0"
"aecea1dd577191a6"|"REFERENCE"|"customer_address"|"ca_state"|48475|1535|122161|"TableScan Impl: ColumnVsValue ca_state = 'IA'"|50000|1555|85631|"0x7f85a300adf0"
"aecea1dd577191a6"|"REFERENCE"|"customer_address"|"ca_state"|48475|1121|113220|"TableScan Impl: ColumnVsValue ca_state = 'AR'"|50000|1140|78995|"0x7f85a300adf0"
"aecea1dd577191a6"|"REFERENCE"|"customer_address"|"ca_state"|48475|802|105955|"TableScan Impl: ColumnVsValue ca_state = 'LA'"|50000|822|72430|"0x7f85a300adf0"
"aecea1dd577191a6"|"DATA"|"date_dim"|"d_year"|73049|366|122230|"TableScan Impl: ColumnVsValue d_year = 2000"|73049|366|104629|"0x7f85a300bf70"
"1c41ac70227eb819"|"DATA"|"date_dim"|"d_year"|73049|366|117341|"TableScan Impl: ColumnVsValue d_year = 2000"|73049|366|105467|"0x7f85a3007f90"
"1c41ac70227eb819"|"DATA"|"customer_address"|"ca_state"|50000|2446|96387|"TableScan Impl: ColumnVsValue ca_state = 'GA'"|50000|2446|107911|"0x7f85a3008770"
"741bc3f2dfb09756"|"REFERENCE"|"date_dim"|"d_dow"|1096|157|17392|"TableScan Impl: ColumnVsValue d_dow = 1"|73049|10436|142067|"0x7f85a3012850"
"741bc3f2dfb09756"|"DATA"|"date_dim"|"d_year"|73049|365|108191|"TableScan Impl: ColumnVsValue d_year = 2001"|73049|365|104279|"0x7f85a3012850"
"741bc3f2dfb09756"|"DATA"|"date_dim"|"d_year"|73049|366|85980|"TableScan Impl: ColumnVsValue d_year = 2000"|73049|366|103022|"0x7f85a3012850"
"741bc3f2dfb09756"|"DATA"|"date_dim"|"d_year"|73049|365|85212|"TableScan Impl: ColumnVsValue d_year = 1999"|73049|365|102883|"0x7f85a3012850"
"741bc3f2dfb09756"|"REFERENCE"|"household_demographics"|"hd_dep_count"|7200|720|70753|"TableScan Impl: ColumnVsValue hd_dep_count = 6"|7200|720|23678|"0x7f85a3007270"
"741bc3f2dfb09756"|"REFERENCE"|"household_demographics"|"hd_vehicle_count"|7200|2400|93174|"TableScan Impl: ColumnVsValue hd_vehicle_count > 2"|7200|2400|38904|"0x7f85a3007270"
"741bc3f2dfb09756"|"DATA"|"store"|"s_number_employees"|12|11|28358|"TableScan Impl: ColumnBetween s_number_employees BETWEEN INCLUSIVE 200 AND 295"|12|11|14039|"0x7f85a3007970"
"901db9dd2feb2d10"|"DATA"|"date_dim"|"d_month_seq"|73049|365|149959|"TableScan Impl: ColumnBetween d_month_seq BETWEEN INCLUSIVE 1176 AND 1187"|73049|365|118808|"0x7f85a481fe10"
"24cc61038fcacf93"|"REFERENCE"|"date_dim"|"d_moy"|365|30|14318|"TableScan Impl: ColumnVsValue d_moy = 11"|73049|6000|101696|"0x7f865ee05c90"
"24cc61038fcacf93"|"DATA"|"date_dim"|"d_year"|73049|365|101765|"TableScan Impl: ColumnVsValue d_year = 1999"|73049|365|103022|"0x7f865ee05c90"
"24cc61038fcacf93"|"DATA"|"item"|"i_manager_id"|18000|339|62652|"TableScan Impl: ColumnVsValue i_manager_id = 28"|18000|339|40511|"0x7f85a481f0f0"
"9ba0ff608aba8792"|"REFERENCE"|"date_dim"|"d_moy"|365|31|11315|"TableScan Impl: ColumnVsValue d_moy = 8"|73049|6200|101905|"0x7f865ee044f0"
"9ba0ff608aba8792"|"DATA"|"date_dim"|"d_year"|73049|365|105467|"TableScan Impl: ColumnVsValue d_year = 2001"|73049|365|104349|"0x7f865ee044f0"
"c49841c711905e98"|"REFERENCE"|"customer_demographics"|"cd_marital_status"|274400|54880|1404248|"TableScan Impl: ColumnVsValue cd_marital_status = 'M'"|1920800|384160|3285264|"0x7f865ee05130"
"c49841c711905e98"|"REFERENCE"|"customer_demographics"|"cd_education_status"|1920800|274400|6641980|"TableScan Impl: ColumnVsValue cd_education_status = '4 yr Degree'"|1920800|274400|3376134|"0x7f865ee05130"
"c49841c711905e98"|"REFERENCE"|"customer_demographics"|"cd_marital_status"|274400|54880|1070665|"TableScan Impl: ColumnVsValue cd_marital_status = 'D'"|1920800|384160|3195233|"0x7f865ee05130"
"c49841c711905e98"|"REFERENCE"|"customer_demographics"|"cd_education_status"|1920800|274400|5685234|"TableScan Impl: ColumnVsValue cd_education_status = '2 yr Degree'"|1920800|274400|3305729|"0x7f865ee05130"
"c49841c711905e98"|"REFERENCE"|"customer_demographics"|"cd_marital_status"|274400|54880|959052|"TableScan Impl: ColumnVsValue cd_marital_status = 'S'"|1920800|384160|3092839|"0x7f865ee05130"
"c49841c711905e98"|"REFERENCE"|"customer_demographics"|"cd_education_status"|1920800|274400|5610289|"TableScan Impl: ColumnVsValue cd_education_status = 'College'"|1920800|274400|3274997|"0x7f865ee05130"
"c49841c711905e98"|"REFERENCE"|"customer_address"|"ca_state"|48475|3901|172030|"TableScan Impl: ColumnVsValue ca_state = 'TX'"|50000|3962|128725|"0x7f865ee01930"
"c49841c711905e98"|"REFERENCE"|"customer_address"|"ca_country"|50000|48475|365224|"TableScan Impl: ColumnVsValue ca_country = 'United States'"|50000|48475|215335|"0x7f865ee01930"
"c49841c711905e98"|"REFERENCE"|"customer_address"|"ca_state"|48475|1330|117760|"TableScan Impl: ColumnVsValue ca_state = 'OH'"|50000|1356|84094|"0x7f865ee01930"
"c49841c711905e98"|"REFERENCE"|"customer_address"|"ca_state"|48475|971|116433|"TableScan Impl: ColumnVsValue ca_state = 'CO'"|50000|980|75643|"0x7f865ee01930"
"c49841c711905e98"|"REFERENCE"|"customer_address"|"ca_state"|48475|1911|124325|"TableScan Impl: ColumnVsValue ca_state = 'KY'"|50000|1945|92895|"0x7f865ee01930"
"c49841c711905e98"|"REFERENCE"|"customer_address"|"ca_state"|48475|1306|116083|"TableScan Impl: ColumnVsValue ca_state = 'MN'"|50000|1326|80811|"0x7f865ee01930"
"c49841c711905e98"|"REFERENCE"|"customer_address"|"ca_state"|48475|564|99251|"TableScan Impl: ColumnVsValue ca_state = 'OR'"|50000|572|68170|"0x7f865ee01930"
"c49841c711905e98"|"REFERENCE"|"customer_address"|"ca_state"|48475|1278|116642|"TableScan Impl: ColumnVsValue ca_state = 'MS'"|50000|1309|81859|"0x7f865ee01930"
"c49841c711905e98"|"REFERENCE"|"customer_address"|"ca_state"|48475|922|111054|"TableScan Impl: ColumnVsValue ca_state = 'CA'"|50000|941|75084|"0x7f865ee01930"
"c49841c711905e98"|"REFERENCE"|"customer_address"|"ca_state"|48475|2134|132707|"TableScan Impl: ColumnVsValue ca_state = 'VA'"|50000|2156|97155|"0x7f865ee01930"
"c49841c711905e98"|"DATA"|"date_dim"|"d_year"|73049|366|122440|"TableScan Impl: ColumnVsValue d_year = 2000"|73049|366|103791|"0x7f865ee02570"
"5a7fd39201e63d24"|"REFERENCE"|"date_dim"|"d_moy"|365|214|25005|"TableScan Impl: ColumnBetween d_moy BETWEEN INCLUSIVE 4 AND 10"|73049|42800|272818|"0x7f8659aaac50"
"5a7fd39201e63d24"|"DATA"|"date_dim"|"d_year"|73049|365|141159|"TableScan Impl: ColumnVsValue d_year = 2001"|73049|365|104559|"0x7f8659aaac50"
"5a7fd39201e63d24"|"REFERENCE"|"date_dim"|"d_moy"|365|30|23677|"TableScan Impl: ColumnVsValue d_moy = 4"|73049|6000|101346|"0x7f8659aaac50"
"7ee6cff3a8c3d580"|"REFERENCE"|"date_dim"|"d_moy"|365|30|14947|"TableScan Impl: ColumnVsValue d_moy = 11"|73049|6000|101835|"0x7f8659aabf90"
"7ee6cff3a8c3d580"|"DATA"|"date_dim"|"d_year"|73049|365|123697|"TableScan Impl: ColumnVsValue d_year = 1998"|73049|365|102813|"0x7f8659aabf90"
"7ee6cff3a8c3d580"|"DATA"|"item"|"i_manager_id"|18000|321|63629|"TableScan Impl: ColumnVsValue i_manager_id = 8"|18000|321|52315|"0x7f8659aaa1d0"
"105285333f5ba7f4"|"DATA"|"customer_address"|"ca_state"|50000|500|82697|"TableScan Impl: ColumnVsValue ca_state = 'NM'"|50000|500|69286|"0x7f85a48205f0"
"105285333f5ba7f4"|"DATA"|"customer_address"|"ca_state"|50000|2446|97505|"TableScan Impl: ColumnVsValue ca_state = 'GA'"|50000|2446|107563|"0x7f85a48205f0"
"105285333f5ba7f4"|"DATA"|"customer_address"|"ca_state"|50000|1945|79764|"TableScan Impl: ColumnVsValue ca_state = 'KY'"|50000|1945|94641|"0x7f85a48205f0"
"105285333f5ba7f4"|"REFERENCE"|"date_dim"|"d_moy"|365|91|25773|"TableScan Impl: ColumnBetween d_moy BETWEEN INCLUSIVE 4 AND 6"|73049|18200|159807|"0x7f85a48214d0"
"105285333f5ba7f4"|"DATA"|"date_dim"|"d_year"|73049|365|120134|"TableScan Impl: ColumnVsValue d_year = 2001"|73049|365|104001|"0x7f85a48214d0"
"105285333f5ba7f4"|"REFERENCE"|"date_dim"|"d_moy"|365|91|23818|"TableScan Impl: ColumnBetween d_moy BETWEEN INCLUSIVE 4 AND 6"|73049|18200|159458|"0x7f85a48214d0"
"105285333f5ba7f4"|"REFERENCE"|"date_dim"|"d_year"|73049|365|161833|"TableScan Impl: ColumnVsValue d_year = 2001"|73049|365|103651|"0x7f85a48214d0"
"2e0ad00e44492b13"|"DATA"|"customer_address"|"ca_county"|50000|459|8471728|"TableScan Impl: ExpressionEvaluator (ca_county) IN ('Rush County', 'Toole County', 'Jefferson County', 'Dona Ana County', 'La Porte County')"|50000|459|8434292|"0x7f8659c198f0"
"2e0ad00e44492b13"|"REFERENCE"|"date_dim"|"d_moy"|365|120|42885|"TableScan Impl: ColumnBetween d_moy BETWEEN INCLUSIVE 1 AND 4"|73049|24049|188793|"0x7f8659c18930"
"2e0ad00e44492b13"|"DATA"|"date_dim"|"d_year"|73049|365|137247|"TableScan Impl: ColumnVsValue d_year = 2002"|73049|365|105397|"0x7f8659c18930"
"76277e5ed4da0819"|"DATA"|"date_dim"|"d_quarter_name"|73049|92|143672|"TableScan Impl: ColumnVsValue d_quarter_name = '2001Q3'"|73049|92|134873|"0x7f8659c19c70"
"76277e5ed4da0819"|"DATA"|"date_dim"|"d_quarter_name"|73049|91|88704|"TableScan Impl: ColumnVsValue d_quarter_name = '2001Q2'"|73049|91|106585|"0x7f8659c19c70"
"76277e5ed4da0819"|"DATA"|"date_dim"|"d_quarter_name"|73049|91|88984|"TableScan Impl: ColumnVsValue d_quarter_name = '2001Q1'"|73049|91|107144|"0x7f8659c19c70"
"a203e0bb1c413813"|"DATA"|"date_dim"|"d_month_seq"|73049|366|139901|"TableScan Impl: ColumnBetween d_month_seq BETWEEN INCLUSIVE 1200 AND 1211"|73049|366|118738|"0x7f85a4823990"
"747848d0ca9ebfbb"|"REFERENCE"|"date_dim"|"d_qoy"|365|91|12782|"TableScan Impl: ColumnVsValue d_qoy = 2"|73049|18200|139132|"0x7f865edffb70"
"747848d0ca9ebfbb"|"DATA"|"date_dim"|"d_year"|73049|365|121182|"TableScan Impl: ColumnVsValue d_year = 2001"|73049|365|103512|"0x7f865edffb70"
"77eb7251971f23d"|"DATA"|"reason"|"r_reason_sk"|35|1|29614|"TableScan Impl: ColumnVsValue r_reason_sk = 1"|35|1|12922|"0x7f86596ff850"
"c1558ce7f598faf2"|"REFERENCE"|"date_dim"|"d_qoy"|365|91|16064|"TableScan Impl: ColumnVsValue d_qoy = 2"|73049|18200|132846|"0x7f865c332670"
"c1558ce7f598faf2"|"DATA"|"date_dim"|"d_year"|73049|365|126700|"TableScan Impl: ColumnVsValue d_year = 2001"|73049|365|103581|"0x7f865c332670"
"c1558ce7f598faf2"|"DATA"|"item"|"i_item_sk"|18000|10|252912|"TableScan Impl: ExpressionEvaluator (i_item_sk) IN (2, 3, 5, 7, 11, 13, 17, 19, 23, 29)"|18000|10|383174|"0x7f865c332910"
"a328efe777ccc703"|"REFERENCE"|"time_dim"|"t_minute"|3600|1800|33875|"TableScan Impl: ColumnVsValue t_minute >= 30"|86400|43200|242016|"0x7f865a06a610"
"a328efe777ccc703"|"DATA"|"time_dim"|"t_hour"|86400|3600|80043|"TableScan Impl: ColumnVsValue t_hour = 20"|86400|3600|54270|"0x7f865a06a610"
"a328efe777ccc703"|"DATA"|"store"|"s_store_name"|12|1|51057|"TableScan Impl: ColumnVsValue s_store_name = 'ese'"|12|1|19277|"0x7f865a06aa70"
"a328efe777ccc703"|"DATA"|"household_demographics"|"hd_dep_count"|7200|720|23608|"TableScan Impl: ColumnVsValue hd_dep_count = 7"|7200|720|22979|"0x7f865a06ad10"
"48102a81fee54f33"|"DATA"|"item"|"i_manufact_id"|18000|39|47006|"TableScan Impl: ColumnVsValue i_manufact_id = 128"|18000|39|39393|"0x7f86596fe510"
"10dbdaceb474245a"|"REFERENCE"|"customer_demographics"|"cd_gender"|54880|27440|934955|"TableScan Impl: ColumnVsValue cd_gender = 'M'"|1920800|960400|5322804|"0x7f8659aace70"
"10dbdaceb474245a"|"REFERENCE"|"customer_demographics"|"cd_marital_status"|274400|54880|1404458|"TableScan Impl: ColumnVsValue cd_marital_status = 'S'"|1920800|384160|3119590|"0x7f8659aace70"
"10dbdaceb474245a"|"DATA"|"customer_demographics"|"cd_education_status"|1920800|274400|3272622|"TableScan Impl: ColumnVsValue cd_education_status = 'College'"|1920800|274400|3374597|"0x7f8659aace70"
"10dbdaceb474245a"|"DATA"|"date_dim"|"d_year"|73049|366|96318|"TableScan Impl: ColumnVsValue d_year = 2000"|73049|366|103791|"0x7f8659aadf10"
"10dbdaceb474245a"|"REFERENCE"|"promotion"|"p_channel_email"|300|295|45749|"TableScan Impl: ColumnVsValue p_channel_email = 'N'"|300|295|15017|"0x7f8659aacd90"
"10dbdaceb474245a"|"REFERENCE"|"promotion"|"p_channel_event"|300|296|12921|"TableScan Impl: ColumnVsValue p_channel_event = 'N'"|300|296|14528|"0x7f8659aacd90"
"dfd5d73db008470"|"REFERENCE"|"date_dim"|"d_moy"|366|30|12851|"TableScan Impl: ColumnVsValue d_moy = 11"|73049|6000|102324|"0x7f865ee053d0"
"dfd5d73db008470"|"DATA"|"date_dim"|"d_year"|73049|366|115455|"TableScan Impl: ColumnVsValue d_year = 2000"|73049|366|107633|"0x7f865ee053d0"
"dfd5d73db008470"|"DATA"|"item"|"i_manager_id"|18000|321|62512|"TableScan Impl: ColumnVsValue i_manager_id = 1"|18000|321|36879|"0x7f865ee05750"
"e9628864b4c79dc2"|"REFERENCE"|"customer_demographics"|"cd_marital_status"|274400|54880|1369884|"TableScan Impl: ColumnVsValue cd_marital_status = 'W'"|1920800|384160|3165967|"0x7f8659701b50"
"e9628864b4c79dc2"|"REFERENCE"|"customer_demographics"|"cd_education_status"|1920800|274400|6409184|"TableScan Impl: ColumnVsValue cd_education_status = '2 yr Degree'"|1920800|274400|3371384|"0x7f8659701b50"
"e9628864b4c79dc2"|"REFERENCE"|"customer_demographics"|"cd_marital_status"|274400|54880|923011|"TableScan Impl: ColumnVsValue cd_marital_status = 'M'"|1920800|384160|3109253|"0x7f8659701b50"
"e9628864b4c79dc2"|"REFERENCE"|"customer_demographics"|"cd_education_status"|1920800|274400|5676992|"TableScan Impl: ColumnVsValue cd_education_status = 'Advanced Degree'"|1920800|274400|3384235|"0x7f8659701b50"
"e9628864b4c79dc2"|"REFERENCE"|"customer_demographics"|"cd_marital_status"|274400|54880|994114|"TableScan Impl: ColumnVsValue cd_marital_status = 'S'"|1920800|384160|3128181|"0x7f8659701b50"
"e9628864b4c79dc2"|"REFERENCE"|"customer_demographics"|"cd_education_status"|1920800|274400|5611755|"TableScan Impl: ColumnVsValue cd_education_status = 'College'"|1920800|274400|3380254|"0x7f8659701b50"
"e9628864b4c79dc2"|"REFERENCE"|"store_sales"|"ss_net_profit"|2880404|85529|8460903|"TableScan Impl: ColumnBetween ss_net_profit BETWEEN INCLUSIVE 100 AND 200"|2880404|85529|6599723|"0x7f8659703830"
"e9628864b4c79dc2"|"REFERENCE"|"store_sales"|"ss_net_profit"|2880404|99216|8532704|"TableScan Impl: ColumnBetween ss_net_profit BETWEEN INCLUSIVE 150 AND 300"|2880404|99216|12660587|"0x7f8659703830"
"e9628864b4c79dc2"|"REFERENCE"|"store_sales"|"ss_net_profit"|2880404|180043|10628775|"TableScan Impl: ColumnBetween ss_net_profit BETWEEN INCLUSIVE 50 AND 250"|2880404|180043|6655670|"0x7f8659703830"
"e9628864b4c79dc2"|"DATA"|"date_dim"|"d_year"|73049|365|113011|"TableScan Impl: ColumnVsValue d_year = 2001"|73049|365|109309|"0x7f8659c160f0"
"62abd1717043ab45"|"DATA"|"date_dim"|"d_year"|73049|366|198012|"TableScan Impl: ColumnVsValue d_year = 2000"|73049|366|109448|"0x7f8659700ab0"
"62abd1717043ab45"|"REFERENCE"|"store"|"s_state"|12|12|48682|"TableScan Impl: ColumnVsValue s_state = 'TN'"|12|12|15506|"0x7f86596fdd30"
"33a6c8baa243ee1a"|"REFERENCE"|"store_sales"|"ss_coupon_amt"|137519|0|3067066|"TableScan Impl: ColumnBetween ss_coupon_amt BETWEEN INCLUSIVE 2323 AND 3323"|2880404|28679|5309044|"0x7f8659aad570"
"33a6c8baa243ee1a"|"DATA"|"store_sales"|"ss_quantity"|2880404|137519|5506009|"TableScan Impl: ColumnBetween ss_quantity BETWEEN INCLUSIVE 6 AND 10"|2880404|137519|6260413|"0x7f8659aad570"
"33a6c8baa243ee1a"|"REFERENCE"|"store_sales"|"ss_wholesale_cost"|137519|27196|2281231|"TableScan Impl: ColumnBetween ss_wholesale_cost BETWEEN INCLUSIVE 31 AND 51"|2880404|554728|12617004|"0x7f8659aad570"
"33a6c8baa243ee1a"|"REFERENCE"|"store_sales"|"ss_list_price"|137519|9353|1933190|"TableScan Impl: ColumnBetween ss_list_price BETWEEN INCLUSIVE 90 AND 100"|2880404|192315|7578961|"0x7f8659aad570"
"33a6c8baa243ee1a"|"REFERENCE"|"store_sales"|"ss_coupon_amt"|137224|0|1621539|"TableScan Impl: ColumnBetween ss_coupon_amt BETWEEN INCLUSIVE 7326 AND 8326"|2880404|1889|4353345|"0x7f8659aad570"
"33a6c8baa243ee1a"|"DATA"|"store_sales"|"ss_quantity"|2880404|137224|5265251|"TableScan Impl: ColumnBetween ss_quantity BETWEEN INCLUSIVE 26 AND 30"|2880404|137224|6166261|"0x7f8659aad570"
"33a6c8baa243ee1a"|"REFERENCE"|"store_sales"|"ss_wholesale_cost"|137224|26995|1450207|"TableScan Impl: ColumnBetween ss_wholesale_cost BETWEEN INCLUSIVE 7 AND 27"|2880404|555695|12280836|"0x7f8659aad570"
"33a6c8baa243ee1a"|"REFERENCE"|"store_sales"|"ss_list_price"|137224|3102|992787|"TableScan Impl: ColumnBetween ss_list_price BETWEEN INCLUSIVE 154 AND 164"|2880404|63710|5099018|"0x7f8659aad570"
"33a6c8baa243ee1a"|"REFERENCE"|"store_sales"|"ss_coupon_amt"|137515|120|995022|"TableScan Impl: ColumnBetween ss_coupon_amt BETWEEN INCLUSIVE 459 AND 1459"|2880404|138864|6291145|"0x7f8659aad570"
"33a6c8baa243ee1a"|"DATA"|"store_sales"|"ss_quantity"|2880404|137515|5156292|"TableScan Impl: ColumnBetween ss_quantity BETWEEN INCLUSIVE 0 AND 5"|2880404|137515|6140977|"0x7f8659aad570"
"33a6c8baa243ee1a"|"REFERENCE"|"store_sales"|"ss_wholesale_cost"|137515|26915|1362900|"TableScan Impl: ColumnBetween ss_wholesale_cost BETWEEN INCLUSIVE 57 AND 77"|2880404|555833|12227893|"0x7f8659aad570"
"33a6c8baa243ee1a"|"REFERENCE"|"store_sales"|"ss_list_price"|137515|9459|1026802|"TableScan Impl: ColumnBetween ss_list_price BETWEEN INCLUSIVE 8 AND 18"|2880404|192980|7383463|"0x7f8659aad570"
"33a6c8baa243ee1a"|"REFERENCE"|"store_sales"|"ss_coupon_amt"|137937|0|1241438|"TableScan Impl: ColumnBetween ss_coupon_amt BETWEEN INCLUSIVE 6071 AND 7071"|2880404|3604|4210092|"0x7f8659aad570"
"33a6c8baa243ee1a"|"DATA"|"store_sales"|"ss_quantity"|2880404|137937|5227185|"TableScan Impl: ColumnBetween ss_quantity BETWEEN INCLUSIVE 16 AND 20"|2880404|137937|6146006|"0x7f8659aad570"
"33a6c8baa243ee1a"|"REFERENCE"|"store_sales"|"ss_wholesale_cost"|137937|26884|1484082|"TableScan Impl: ColumnBetween ss_wholesale_cost BETWEEN INCLUSIVE 38 AND 58"|2880404|554357|12404044|"0x7f8659aad570"
"33a6c8baa243ee1a"|"REFERENCE"|"store_sales"|"ss_list_price"|137937|4884|1012764|"TableScan Impl: ColumnBetween ss_list_price BETWEEN INCLUSIVE 135 AND 145"|2880404|98784|5754869|"0x7f8659aad570"
"33a6c8baa243ee1a"|"REFERENCE"|"store_sales"|"ss_coupon_amt"|137032|0|940054|"TableScan Impl: ColumnBetween ss_coupon_amt BETWEEN INCLUSIVE 12214 AND 13214"|2880404|97|3796325|"0x7f8659aad570"
"33a6c8baa243ee1a"|"DATA"|"store_sales"|"ss_quantity"|2880404|137032|5144139|"TableScan Impl: ColumnBetween ss_quantity BETWEEN INCLUSIVE 11 AND 15"|2880404|137032|6099139|"0x7f8659aad570"
"33a6c8baa243ee1a"|"REFERENCE"|"store_sales"|"ss_wholesale_cost"|137032|27072|1290889|"TableScan Impl: ColumnBetween ss_wholesale_cost BETWEEN INCLUSIVE 79 AND 99"|2880404|556858|12237671|"0x7f8659aad570"
"33a6c8baa243ee1a"|"REFERENCE"|"store_sales"|"ss_list_price"|137032|4194|837730|"TableScan Impl: ColumnBetween ss_list_price BETWEEN INCLUSIVE 142 AND 152"|2880404|85591|5570756|"0x7f8659aad570"
"33a6c8baa243ee1a"|"REFERENCE"|"store_sales"|"ss_coupon_amt"|137360|3780|979587|"TableScan Impl: ColumnBetween ss_coupon_amt BETWEEN INCLUSIVE 836 AND 1836"|2880404|90936|5625934|"0x7f8659aad570"
"33a6c8baa243ee1a"|"DATA"|"store_sales"|"ss_quantity"|2880404|137360|5145535|"TableScan Impl: ColumnBetween ss_quantity BETWEEN INCLUSIVE 21 AND 25"|2880404|137360|6093342|"0x7f8659aad570"
"33a6c8baa243ee1a"|"REFERENCE"|"store_sales"|"ss_wholesale_cost"|137360|26964|1337825|"TableScan Impl: ColumnBetween ss_wholesale_cost BETWEEN INCLUSIVE 17 AND 37"|2880404|555032|12199606|"0x7f8659aad570"
"33a6c8baa243ee1a"|"REFERENCE"|"store_sales"|"ss_list_price"|137360|6194|919589|"TableScan Impl: ColumnBetween ss_list_price BETWEEN INCLUSIVE 122 AND 132"|2880404|126215|6080700|"0x7f8659aad570"
"a5ed8e369e84a26a"|"REFERENCE"|"customer_demographics"|"cd_gender"|54880|27440|1014370|"TableScan Impl: ColumnVsValue cd_gender = 'M'"|1920800|960400|5056063|"0x7f86596ff230"
"a5ed8e369e84a26a"|"REFERENCE"|"customer_demographics"|"cd_marital_status"|274400|54880|1484292|"TableScan Impl: ColumnVsValue cd_marital_status = 'S'"|1920800|384160|3406795|"0x7f86596ff230"
"a5ed8e369e84a26a"|"DATA"|"customer_demographics"|"cd_education_status"|1920800|274400|3684153|"TableScan Impl: ColumnVsValue cd_education_status = 'College'"|1920800|274400|3471333|"0x7f86596ff230"
"a5ed8e369e84a26a"|"DATA"|"date_dim"|"d_year"|73049|366|109867|"TableScan Impl: ColumnVsValue d_year = 2000"|73049|366|112940|"0x7f86597002d0"
"a5ed8e369e84a26a"|"REFERENCE"|"promotion"|"p_channel_email"|300|295|55806|"TableScan Impl: ColumnVsValue p_channel_email = 'N'"|300|295|18998|"0x7f86596feeb0"
"a5ed8e369e84a26a"|"REFERENCE"|"promotion"|"p_channel_event"|300|296|13480|"TableScan Impl: ColumnVsValue p_channel_event = 'N'"|300|296|14877|"0x7f86596feeb0"
"b5449accdea88518"|"REFERENCE"|"time_dim"|"t_minute"|3600|1800|32828|"TableScan Impl: ColumnVsValue t_minute >= 30"|86400|43200|286857|"0x7f865b618010"
"b5449accdea88518"|"DATA"|"time_dim"|"t_hour"|86400|3600|133755|"TableScan Impl: ColumnVsValue t_hour = 11"|86400|3600|135082|"0x7f865b618010"
"b5449accdea88518"|"DATA"|"store"|"s_store_name"|12|1|52245|"TableScan Impl: ColumnVsValue s_store_name = 'ese'"|12|1|19068|"0x7f865b618470"
"b5449accdea88518"|"REFERENCE"|"household_demographics"|"hd_vehicle_count"|720|720|20185|"TableScan Impl: ColumnVsValue hd_vehicle_count <= 4"|7200|7200|47984|"0x7f865b618710"
"b5449accdea88518"|"REFERENCE"|"household_demographics"|"hd_dep_count"|7200|720|37856|"TableScan Impl: ColumnVsValue hd_dep_count = 2"|7200|720|25913|"0x7f865b618710"
"b5449accdea88518"|"REFERENCE"|"household_demographics"|"hd_vehicle_count"|720|480|20534|"TableScan Impl: ColumnVsValue hd_vehicle_count <= 2"|7200|4800|39253|"0x7f865b618710"
"b5449accdea88518"|"REFERENCE"|"household_demographics"|"hd_dep_count"|7200|720|23049|"TableScan Impl: ColumnVsValue hd_dep_count = 0"|7200|720|21443|"0x7f865b618710"
"b5449accdea88518"|"REFERENCE"|"household_demographics"|"hd_vehicle_count"|720|720|17601|"TableScan Impl: ColumnVsValue hd_vehicle_count <= 6"|7200|7200|43933|"0x7f865b618710"
"b5449accdea88518"|"REFERENCE"|"household_demographics"|"hd_dep_count"|7200|720|23050|"TableScan Impl: ColumnVsValue hd_dep_count = 4"|7200|720|21932|"0x7f865b618710"
"b5449accdea88518"|"REFERENCE"|"time_dim"|"t_minute"|3600|1800|25843|"TableScan Impl: ColumnVsValue t_minute < 30"|86400|43200|280151|"0x7f865b618010"
"b5449accdea88518"|"DATA"|"time_dim"|"t_hour"|86400|3600|114896|"TableScan Impl: ColumnVsValue t_hour = 12"|86400|3600|120973|"0x7f865b618010"
"b5449accdea88518"|"REFERENCE"|"time_dim"|"t_minute"|3600|1800|60277|"TableScan Impl: ColumnVsValue t_minute < 30"|86400|43200|312769|"0x7f865b618010"
"b5449accdea88518"|"REFERENCE"|"time_dim"|"t_minute"|3600|1800|32199|"TableScan Impl: ColumnVsValue t_minute < 30"|86400|43200|258010|"0x7f865b618010"
"b5449accdea88518"|"DATA"|"time_dim"|"t_hour"|86400|3600|123627|"TableScan Impl: ColumnVsValue t_hour = 9"|86400|3600|115804|"0x7f865b618010"
"b5449accdea88518"|"REFERENCE"|"time_dim"|"t_minute"|3600|1800|31640|"TableScan Impl: ColumnVsValue t_minute >= 30"|86400|43200|228954|"0x7f865b618010"
"b5449accdea88518"|"DATA"|"time_dim"|"t_hour"|86400|3600|122231|"TableScan Impl: ColumnVsValue t_hour = 8"|86400|3600|107842|"0x7f865b618010"
"b5449accdea88518"|"REFERENCE"|"time_dim"|"t_minute"|3600|1800|31571|"TableScan Impl: ColumnVsValue t_minute >= 30"|86400|43200|227488|"0x7f865b618010"
"b5449accdea88518"|"DATA"|"time_dim"|"t_hour"|86400|3600|129424|"TableScan Impl: ColumnVsValue t_hour = 10"|86400|3600|118528|"0x7f865b618010"
"b5449accdea88518"|"REFERENCE"|"time_dim"|"t_minute"|3600|1800|63908|"TableScan Impl: ColumnVsValue t_minute < 30"|86400|43200|280012|"0x7f865b618010"
"b5449accdea88518"|"REFERENCE"|"time_dim"|"t_minute"|3600|1800|65724|"TableScan Impl: ColumnVsValue t_minute >= 30"|86400|43200|226649|"0x7f865b618010"
"d226deafa3236031"|"REFERENCE"|"date_dim"|"d_moy"|365|30|16274|"TableScan Impl: ColumnVsValue d_moy = 9"|73049|6000|113919|"0x7f8659aafa30"
"d226deafa3236031"|"DATA"|"date_dim"|"d_year"|73049|365|157502|"TableScan Impl: ColumnVsValue d_year = 1999"|73049|365|103023|"0x7f8659aafa30"
"d226deafa3236031"|"REFERENCE"|"date_dim"|"d_moy"|365|122|42257|"TableScan Impl: ColumnBetween d_moy BETWEEN INCLUSIVE 9 AND 12"|73049|24400|202064|"0x7f8659aafa30"
"d226deafa3236031"|"DATA"|"date_dim"|"d_year"|73049|365|119018|"TableScan Impl: ColumnVsValue d_year = 2001"|73049|365|104838|"0x7f8659ab04b0"
"d226deafa3236031"|"DATA"|"date_dim"|"d_year"|73049|366|86399|"TableScan Impl: ColumnVsValue d_year = 2000"|73049|366|105187|"0x7f8659ab04b0"
"d226deafa3236031"|"DATA"|"date_dim"|"d_year"|73049|365|88215|"TableScan Impl: ColumnVsValue d_year = 1999"|73049|365|102883|"0x7f8659ab04b0"
"b3cb9453eb547241"|"REFERENCE"|"date_dim"|"d_qoy"|366|92|13759|"TableScan Impl: ColumnVsValue d_qoy = 3"|73049|18400|160576|"0x7f8659c1b6b0"
"b3cb9453eb547241"|"DATA"|"date_dim"|"d_year"|73049|366|110775|"TableScan Impl: ColumnVsValue d_year = 2000"|73049|366|103790|"0x7f8659c1b6b0"
"b3cb9453eb547241"|"REFERENCE"|"date_dim"|"d_qoy"|366|91|46518|"TableScan Impl: ColumnVsValue d_qoy = 2"|73049|18200|135990|"0x7f8659c1b6b0"
"b3cb9453eb547241"|"REFERENCE"|"date_dim"|"d_qoy"|366|91|45959|"TableScan Impl: ColumnVsValue d_qoy = 1"|73049|18199|146117|"0x7f8659c1b6b0"
"c3eb0f228a4c62a1"|"DATA"|"item"|"i_manufact_id"|18000|239|53781|"TableScan Impl: ColumnBetween i_manufact_id BETWEEN INCLUSIVE 738 AND 778"|18000|239|50010|"0x7f865c331410"
"1f3f852eeffeb3fb"|"REFERENCE"|"date_dim"|"d_dom"|1096|108|45120|"TableScan Impl: ColumnBetween d_dom BETWEEN INCLUSIVE 1 AND 3"|73049|7200|166443|"0x7f865c32dcf0"
"1f3f852eeffeb3fb"|"DATA"|"date_dim"|"d_year"|73049|365|148352|"TableScan Impl: ColumnVsValue d_year = 2001"|73049|365|107981|"0x7f865c32dcf0"
"1f3f852eeffeb3fb"|"DATA"|"date_dim"|"d_year"|73049|366|89751|"TableScan Impl: ColumnVsValue d_year = 2000"|73049|366|106724|"0x7f865c32dcf0"
"1f3f852eeffeb3fb"|"DATA"|"date_dim"|"d_year"|73049|365|89054|"TableScan Impl: ColumnVsValue d_year = 1999"|73049|365|105816|"0x7f865c32dcf0"
"1f3f852eeffeb3fb"|"REFERENCE"|"date_dim"|"d_dom"|1096|144|34504|"TableScan Impl: ColumnBetween d_dom BETWEEN INCLUSIVE 25 AND 28"|73049|9600|172449|"0x7f865c32dcf0"
"1f3f852eeffeb3fb"|"REFERENCE"|"household_demographics"|"hd_vehicle_count"|1600|800|224974|"TableScan Impl: ExpressionEvaluator CASE WHEN hd_vehicle_count > 0 THEN hd_dep_count / hd_vehicle_count ELSE NULL END > 1.2"|7200|2400|283853|"0x7f865c32d430"
"1f3f852eeffeb3fb"|"REFERENCE"|"household_demographics"|"hd_dep_count"|1600|800|224974|"TableScan Impl: ExpressionEvaluator CASE WHEN hd_vehicle_count > 0 THEN hd_dep_count / hd_vehicle_count ELSE NULL END > 1.2"|7200|2400|283853|"0x7f865c32d430"
"1f3f852eeffeb3fb"|"REFERENCE"|"household_demographics"|"hd_vehicle_count"|1600|800|224974|"TableScan Impl: ExpressionEvaluator CASE WHEN hd_vehicle_count > 0 THEN hd_dep_count / hd_vehicle_count ELSE NULL END > 1.2"|7200|2400|283853|"0x7f865c32d430"
"1f3f852eeffeb3fb"|"REFERENCE"|"household_demographics"|"hd_buy_potential"|4800|800|40860|"TableScan Impl: ColumnVsValue hd_buy_potential = '>10000'"|7200|1200|28637|"0x7f865c32d430"
"1f3f852eeffeb3fb"|"DATA"|"household_demographics"|"hd_vehicle_count"|7200|4800|116642|"TableScan Impl: ColumnVsValue hd_vehicle_count > 0"|7200|4800|52035|"0x7f865c32d430"
"1f3f852eeffeb3fb"|"REFERENCE"|"household_demographics"|"hd_buy_potential"|4800|800|26751|"TableScan Impl: ColumnVsValue hd_buy_potential = 'Unknown'"|7200|1200|27799|"0x7f865c32d430"
"1f3f852eeffeb3fb"|"REFERENCE"|"store"|"s_county"|12|12|25005|"TableScan Impl: ColumnVsValue s_county = 'Williamson County'"|12|12|19556|"0x7f865c32c630"
"f2542843ada8b55c"|"REFERENCE"|"date_dim"|"d_qoy"|365|274|40999|"TableScan Impl: ColumnVsValue d_qoy < 4"|73049|54799|282177|"0x7f865c32f3b0"
"f2542843ada8b55c"|"DATA"|"date_dim"|"d_year"|73049|365|126560|"TableScan Impl: ColumnVsValue d_year = 2002"|73049|365|105398|"0x7f865c32f3b0"
"ec84b20b69353252"|"DATA"|"date_dim"|"d_date"|73049|1|123068|"TableScan Impl: ColumnVsValue d_date = '2000-11-17'"|73049|1|131171|"0x7f85a3008d90"
"ec84b20b69353252"|"DATA"|"date_dim"|"d_date"|73049|1|88774|"TableScan Impl: ColumnVsValue d_date = '2000-09-27'"|73049|1|107563|"0x7f85a3008d90"
"ec84b20b69353252"|"DATA"|"date_dim"|"d_date"|73049|1|88354|"TableScan Impl: ColumnVsValue d_date = '2000-06-30'"|73049|1|107493|"0x7f85a3008d90"
"ec84b20b69353252"|"REFERENCE"|"date_dim"|"d_date"|73049|1|136968|"TableScan Impl: ColumnVsValue d_date = '2000-11-17'"|73049|1|108330|"0x7f85a3008d90"
"ec84b20b69353252"|"REFERENCE"|"date_dim"|"d_date"|73049|1|124326|"TableScan Impl: ColumnVsValue d_date = '2000-09-27'"|73049|1|107633|"0x7f85a3008d90"
"ec84b20b69353252"|"REFERENCE"|"date_dim"|"d_date"|73049|1|124046|"TableScan Impl: ColumnVsValue d_date = '2000-06-30'"|73049|1|108330|"0x7f85a3008d90"
"43e0ae6c5f21fc66"|"REFERENCE"|"date_dim"|"d_moy"|365|31|12223|"TableScan Impl: ColumnVsValue d_moy = 1"|73049|6200|106864|"0x7f8659702870"
"43e0ae6c5f21fc66"|"DATA"|"date_dim"|"d_year"|73049|365|145000|"TableScan Impl: ColumnVsValue d_year = 2001"|73049|365|103931|"0x7f8659702870"
"c472acfef2176cba"|"REFERENCE"|"date_dim"|"d_moy"|365|31|14808|"TableScan Impl: ColumnVsValue d_moy = 1"|73049|6200|105467|"0x7f865c32cef0"
"c472acfef2176cba"|"DATA"|"date_dim"|"d_year"|73049|365|146676|"TableScan Impl: ColumnVsValue d_year = 2001"|73049|365|104350|"0x7f865c32cef0"
"c472acfef2176cba"|"REFERENCE"|"date_dim"|"d_moy"|365|28|29963|"TableScan Impl: ColumnVsValue d_moy = 2"|73049|5649|100857|"0x7f865c32cef0"
"2b7e6ed9df8e2f99"|"REFERENCE"|"date_dim"|"d_dom"|1096|72|46168|"TableScan Impl: ColumnBetween d_dom BETWEEN INCLUSIVE 1 AND 2"|73049|4800|158061|"0x7f85a3009030"
"2b7e6ed9df8e2f99"|"DATA"|"date_dim"|"d_year"|73049|365|120344|"TableScan Impl: ColumnVsValue d_year = 2001"|73049|365|108051|"0x7f85a3009030"
"2b7e6ed9df8e2f99"|"DATA"|"date_dim"|"d_year"|73049|366|89682|"TableScan Impl: ColumnVsValue d_year = 2000"|73049|366|195289|"0x7f85a3009030"
"2b7e6ed9df8e2f99"|"DATA"|"date_dim"|"d_year"|73049|365|89263|"TableScan Impl: ColumnVsValue d_year = 1999"|73049|365|106725|"0x7f85a3009030"
"2b7e6ed9df8e2f99"|"REFERENCE"|"store"|"s_county"|12|12|70684|"TableScan Impl: ExpressionEvaluator (s_county) IN ('Orange County', 'Bronx County', 'Franklin Parish', 'Williamson County')"|12|12|48613|"0x7f85a3006630"
"2b7e6ed9df8e2f99"|"REFERENCE"|"household_demographics"|"hd_vehicle_count"|1600|800|150867|"TableScan Impl: ExpressionEvaluator CASE WHEN hd_vehicle_count > 0 THEN hd_dep_count / hd_vehicle_count ELSE NULL END > 1"|7200|2400|244390|"0x7f85a3006550"
"2b7e6ed9df8e2f99"|"REFERENCE"|"household_demographics"|"hd_dep_count"|1600|800|150867|"TableScan Impl: ExpressionEvaluator CASE WHEN hd_vehicle_count > 0 THEN hd_dep_count / hd_vehicle_count ELSE NULL END > 1"|7200|2400|244390|"0x7f85a3006550"
"2b7e6ed9df8e2f99"|"REFERENCE"|"household_demographics"|"hd_vehicle_count"|1600|800|150867|"TableScan Impl: ExpressionEvaluator CASE WHEN hd_vehicle_count > 0 THEN hd_dep_count / hd_vehicle_count ELSE NULL END > 1"|7200|2400|244390|"0x7f85a3006550"
"2b7e6ed9df8e2f99"|"REFERENCE"|"household_demographics"|"hd_buy_potential"|4800|800|41209|"TableScan Impl: ColumnVsValue hd_buy_potential = 'Unknown'"|7200|1200|27729|"0x7f85a3006550"
"2b7e6ed9df8e2f99"|"DATA"|"household_demographics"|"hd_vehicle_count"|7200|4800|56436|"TableScan Impl: ColumnVsValue hd_vehicle_count > 0"|7200|4800|43933|"0x7f85a3006550"
"2b7e6ed9df8e2f99"|"REFERENCE"|"household_demographics"|"hd_buy_potential"|4800|800|25494|"TableScan Impl: ColumnVsValue hd_buy_potential = '>10000'"|7200|1200|24866|"0x7f85a3006550"
"ac2f9c4228030d9d"|"DATA"|"date_dim"|"d_year"|73049|366|103162|"TableScan Impl: ColumnVsValue d_year = 2000"|73049|366|104350|"0x7f865c332f30"
"ac2f9c4228030d9d"|"REFERENCE"|"store"|"s_gmt_offset"|12|12|41838|"TableScan Impl: ColumnVsValue s_gmt_offset = -5"|12|12|13201|"0x7f865c332d70"
"ea189fd9834a0c7c"|"REFERENCE"|"date_dim"|"d_moy"|365|31|13410|"TableScan Impl: ColumnVsValue d_moy = 1"|73049|6200|106096|"0x7f865c32fff0"
"ea189fd9834a0c7c"|"DATA"|"date_dim"|"d_year"|73049|365|115105|"TableScan Impl: ColumnVsValue d_year = 2001"|73049|365|105187|"0x7f865c32fff0"
"ea189fd9834a0c7c"|"REFERENCE"|"date_dim"|"d_moy"|365|28|26053|"TableScan Impl: ColumnVsValue d_moy = 2"|73049|5649|100228|"0x7f865c32fff0"
"2f68c8df87906c39"|"REFERENCE"|"date_dim"|"d_moy"|366|30|12014|"TableScan Impl: ColumnVsValue d_moy = 11"|73049|6000|103582|"0x7f865c331a30"
"2f68c8df87906c39"|"DATA"|"date_dim"|"d_year"|73049|366|104280|"TableScan Impl: ColumnVsValue d_year = 2000"|73049|366|103232|"0x7f865c331a30"
"2f68c8df87906c39"|"DATA"|"item"|"i_manager_id"|18000|321|62233|"TableScan Impl: ColumnVsValue i_manager_id = 1"|18000|321|38415|"0x7f865c331db0"
